fuente,mediciones,url
catálogo KEV de CISA,kev euvd-kev nvd-fichas parque-instalado netscaler,https://www.cisa.gov/sites/default/files/feeds/known_exploited_vulnerabilities.json
API de la EUVD de ENISA,euvd-kev netscaler,https://euvdservices.enisa.europa.eu/api/search?exploited=true&page=0&size=1
API 2.0 del NVD,nvd-fichas netscaler,https://services.nvd.nist.gov/rest/json/cves/2.0?resultsPerPage=1
API de modelos de Hugging Face,hf-tendencia hf-activos,https://huggingface.co/api/models?limit=1
configuración pública de un modelo en Hugging Face,deepseek-kv,https://huggingface.co/deepseek-ai/DeepSeek-V3/raw/main/config.json
conjunto de resultados en Hugging Face,gauge-cuantizacion,https://huggingface.co/api/datasets/ManPla/gauge-orbit-quantization-results
API de arXiv,agi-tendencias,https://export.arxiv.org/api/query?search_query=all:%22world%20model%22&max_results=1
marcador de ARC Prize,arc-agi,https://arcprize.org/media/data/evaluations.json
serie de StatCounter,parque-instalado,https://gs.statcounter.com/windows-version-market-share/desktop/worldwide
conjunto Adult de UCI,adult,https://doi.org/10.24432/C5XW20
