cve,anio_cve,anio_alta,fecha_alta,edad,proveedor,producto,borde_red
CVE-2026-76461,2026,2026,2026-09-14,0,Cisco,Secure Email Gateway,1
CVE-2026-84869,2026,2026,2026-09-11,0,ConnectWise,ScreenConnect,0
CVE-2026-42016,2026,2026,2026-09-11,0,JFrog,Artifactory,0
CVE-2026-42018,2026,2026,2026-09-11,0,JFrog,Artifactory,0
CVE-2026-85706,2026,2026,2026-09-11,0,GitLab,Community Edition and Enterprise Edition,0
CVE-2026-86060,2026,2026,2026-09-10,0,MikroTik,RouterOS,1
CVE-2026-67277,2026,2026,2026-09-10,0,MikroTik,RouterOS,1
CVE-2026-19490,2026,2026,2026-09-09,0,Citrix,NetScaler,1
CVE-2025-25249,2025,2026,2026-09-09,1,Fortinet,Multiple Products,1
CVE-2026-87491,2026,2026,2026-09-09,0,Google,Chromium V8,0
CVE-2026-20079,2026,2026,2026-09-09,0,Cisco,Secure Firewall Management Center (FMC) and Security Cloud Control (SCC) Firewall Management,1
CVE-2026-75650,2026,2026,2026-09-08,0,Adobe,Commerce and Magento,0
CVE-2026-81963,2026,2026,2026-09-08,0,Microsoft,Windows,0
CVE-2026-86218,2026,2026,2026-09-08,0,N-able,N-central,0
CVE-2026-85880,2026,2026,2026-09-08,0,Microsoft,Windows,0
CVE-2026-85046,2026,2026,2026-09-04,0,Google,Chromium V8,0
CVE-2026-59822,2026,2026,2026-09-02,0,BerriAI,LiteLLM,0
CVE-2026-48710,2026,2026,2026-09-02,0,Kludex,Starlette,0
CVE-2026-49869,2026,2026,2026-09-02,0,Kestra,Kestra OSS,0
CVE-2026-82329,2026,2026,2026-09-02,0,JFrog,Artifactory,0
CVE-2026-9586,2026,2026,2026-09-02,0,Sangoma,Switchvox,0
CVE-2026-83548,2026,2026,2026-09-02,0,SonicWall,SMA1000 Appliances,1
CVE-2026-83549,2026,2026,2026-09-02,0,SonicWall,SMA1000 Appliances,1
CVE-2026-82078,2026,2026,2026-08-31,0,PaperCut,NG/MF,0
CVE-2026-81578,2026,2026,2026-08-31,0,PaperCut,NG/MF,0
CVE-2023-49105,2023,2026,2026-08-27,3,ownCloud,ownCloud,0
CVE-2026-53362,2026,2026,2026-08-27,0,Linux,Kernel,0
CVE-2026-66384,2026,2026,2026-08-27,0,JFrog,Artifactory,0
CVE-2021-23758,2021,2026,2026-08-26,5,Ajax.NET Professional,Ajax.NET Professional,0
CVE-2015-3246,2015,2026,2026-08-26,11,Red Hat,Libuser,0
CVE-2015-5287,2015,2026,2026-08-26,11,Red Hat,Automatic Bug Reporting Tool,0
CVE-2022-0995,2022,2026,2026-08-26,4,Linux,Kernel,0
CVE-2026-8452,2026,2026,2026-08-26,0,Citrix,NetScaler ADC and NetScaler Gateway,1
CVE-2019-1068,2019,2026,2026-08-26,7,Microsoft,SQL Server,0
CVE-2026-60004,2026,2026,2026-08-25,0,Gitea,Gitea,0
CVE-2026-21962,2026,2026,2026-08-24,0,Oracle,HTTP Server and Oracle Weblogic Server Proxy Plug-in,0
CVE-2026-73570,2026,2026,2026-08-21,0,Synacor,Zimbra Collaboration Suite (ZCS),0
CVE-2026-72530,2026,2026,2026-08-20,0,TrueConf,Server,0
CVE-2026-72529,2026,2026,2026-08-20,0,TrueConf,Server,0
CVE-2026-64849,2026,2026,2026-08-19,0,MLflow,MLflow,0
CVE-2026-33824,2026,2026,2026-08-18,0,Microsoft,Internet Key Exchange (IKE) Service Extensions,0
CVE-2026-59310,2026,2026,2026-08-18,0,Broadcom,VMware vCenter,0
CVE-2026-55040,2026,2026,2026-08-18,0,Microsoft,SharePoint,0
CVE-2026-65400,2026,2026,2026-08-18,0,Apple,macOS,0
CVE-2025-62593,2025,2026,2026-08-17,1,Ray-Project,Ray,0
CVE-2026-20349,2026,2026,2026-08-11,0,Cisco,Secure Firewall Adaptive Security Appliance (ASA) and Secure Firewall Threat Defense (FTD) ,1
CVE-2026-68820,2026,2026,2026-08-11,0,Microsoft,Windows Ancillary Function Driver for WinSock ,0
CVE-2026-72898,2026,2026,2026-08-11,0,Metabase,Metabase,0
CVE-2026-8037,2026,2026,2026-08-07,0,Progress,LoadMaster,0
CVE-2026-63077,2026,2026,2026-08-05,0,JetBrains,TeamCity,0
CVE-2026-18556,2026,2026,2026-08-04,0,N-able,N-central,0
CVE-2026-34486,2026,2026,2026-08-04,0,Apache,Tomcat,0
CVE-2026-9198,2026,2026,2026-08-04,0,IBM,Langflow,0
CVE-2026-18577,2026,2026,2026-08-03,0,N-able,N-central,0
CVE-2026-20316,2026,2026,2026-07-29,0,Cisco,Secure Firewall Management Center (FMC),1
CVE-2025-68686,2025,2026,2026-07-27,1,Fortinet,FortiOS,1
CVE-2026-16812,2026,2026,2026-07-27,0,Arista,VeloCloud Orchestrator,0
CVE-2026-16232,2026,2026,2026-07-22,0,Check Point,SmartConsole,1
CVE-2026-50522,2026,2026,2026-07-22,0,Microsoft,SharePoint,0
CVE-2026-60137,2026,2026,2026-07-21,0,WordPress,Core,0
CVE-2026-63030,2026,2026,2026-07-21,0,WordPress,Core,0
CVE-2026-0770,2026,2026,2026-07-21,0,Langflow,Langflow,0
CVE-2021-27137,2021,2026,2026-07-21,5,DD-WRT,DD-WRT,0
CVE-2026-58644,2026,2026,2026-07-16,0,Microsoft,SharePoint,0
CVE-2026-25089,2026,2026,2026-07-16,0,Fortinet,FortiSandbox,1
CVE-2026-39808,2026,2026,2026-07-16,0,Fortinet,FortiSandbox,1
CVE-2026-46817,2026,2026,2026-07-15,0,Oracle,E-Business Suite,0
CVE-2023-4346,2023,2026,2026-07-15,3,KNX Association,KNX Protocol Connection Authorization Option 1,0
CVE-2026-56155,2026,2026,2026-07-14,0,Microsoft,Active Directory Federation Services,0
CVE-2026-56164,2026,2026,2026-07-14,0,Microsoft,SharePoint Server,0
CVE-2026-15409,2026,2026,2026-07-14,0,SonicWall,SMA1000 Appliances,1
CVE-2026-15410,2026,2026,2026-07-14,0,SonicWall,SMA1000 Appliances,1
CVE-2008-4128,2008,2026,2026-07-13,18,Cisco,IOS,1
CVE-2026-56291,2026,2026,2026-07-10,0,Balbooa,Forms,0
CVE-2026-48939,2026,2026,2026-07-10,0,iCagenda,iCagenda,0
CVE-2026-48908,2026,2026,2026-07-07,0,JoomShaper,SP Page Builder,0
CVE-2026-55255,2026,2026,2026-07-07,0,Langflow,Langflow,0
CVE-2026-56290,2026,2026,2026-07-07,0,Joomlack,Page Builder,0
CVE-2026-48282,2026,2026,2026-07-07,0,Adobe,ColdFusion,0
CVE-2026-45659,2026,2026,2026-07-01,0,Microsoft,SharePoint Server,0
CVE-2026-48558,2026,2026,2026-06-29,0,SimpleHelp ,SimpleHelp,0
CVE-2026-12569,2026,2026,2026-06-25,0,PTC,Windchill and FlexPLM,0
CVE-2026-20230,2026,2026,2026-06-25,0,Cisco,Unified Communications Manager,1
CVE-2025-67038,2025,2026,2026-06-23,1,Lantronix,EDS5000,0
CVE-2026-34910,2026,2026,2026-06-23,0,Ubiquiti,UniFi OS,1
CVE-2026-34909,2026,2026,2026-06-23,0,Ubiquiti,UniFi OS,1
CVE-2026-34908,2026,2026,2026-06-23,0,Ubiquiti,UniFi OS,1
CVE-2026-20253,2026,2026,2026-06-18,0,Splunk,Enterprise,0
CVE-2026-48907,2026,2026,2026-06-16,0,Widget Factory,Joomla Content Editor ,0
CVE-2026-54420,2026,2026,2026-06-15,0,LiteSpeed,cPanel Plugin,0
CVE-2026-20262,2026,2026,2026-06-15,0,Cisco,Catalyst SD-WAN Manager,1
CVE-2026-35273,2026,2026,2026-06-12,0,Oracle, PeopleSoft Enterprise PeopleTools,0
CVE-2026-10520,2026,2026,2026-06-11,0,Ivanti,Sentry,1
CVE-2026-11645,2026,2026,2026-06-09,0,Google,Chromium V8,0
CVE-2026-7473,2026,2026,2026-06-09,0,Arista,Extensible Operating System,0
CVE-2026-20245,2026,2026,2026-06-09,0,Cisco,Catalyst SD-WAN Manager,1
CVE-2026-42271,2026,2026,2026-06-08,0,BerriAI,LiteLLM,0
CVE-2026-50751,2026,2026,2026-06-08,0,Check Point,Security Gateway,1
CVE-2026-28318,2026,2026,2026-06-05,0,SolarWinds,Serv-U,0
CVE-2026-45247,2026,2026,2026-06-03,0,Mirasvit,Mirasvit Full Page Cache Warmer,0
CVE-2022-0492,2022,2026,2026-06-02,4,Linux,Kernel,0
CVE-2025-48595,2025,2026,2026-06-02,1,Android,Framework,0
CVE-2024-21182,2024,2026,2026-06-01,2,Oracle,WebLogic Server,0
CVE-2026-0257,2026,2026,2026-05-29,0,Palo Alto Networks,PAN-OS,1
CVE-2026-48027,2026,2026,2026-05-27,0,Nx,Nx Console,0
CVE-2026-45321,2026,2026,2026-05-27,0,TanStack,TanStack,0
CVE-2026-8398,2026,2026,2026-05-27,0,Daemon,Daemon Tools Lite,0
CVE-2026-48172,2026,2026,2026-05-26,0,LiteSpeed,cPanel Plugin,0
CVE-2026-9082,2026,2026,2026-05-22,0,Drupal,Core,0
CVE-2025-34291,2025,2026,2026-05-21,1,Langflow,Langflow,0
CVE-2026-34926,2026,2026,2026-05-21,0,Trend Micro,Apex One,0
CVE-2008-4250,2008,2026,2026-05-20,18,Microsoft,Windows,0
CVE-2009-1537,2009,2026,2026-05-20,17,Microsoft,DirectX,0
CVE-2009-3459,2009,2026,2026-05-20,17,Adobe,Acrobat and Reader,0
CVE-2010-0249,2010,2026,2026-05-20,16,Microsoft,Internet Explorer,0
CVE-2010-0806,2010,2026,2026-05-20,16,Microsoft,Internet Explorer,0
CVE-2026-41091,2026,2026,2026-05-20,0,Microsoft,Defender,0
CVE-2026-45498,2026,2026,2026-05-20,0,Microsoft,Defender,0
CVE-2026-42897,2026,2026,2026-05-15,0,Microsoft,Microsoft,0
CVE-2026-20182,2026,2026,2026-05-14,0,Cisco,Catalyst SD-WAN,1
CVE-2026-42208,2026,2026,2026-05-08,0,BerriAI,LiteLLM,0
CVE-2026-6973,2026,2026,2026-05-07,0,Ivanti,Endpoint Manager Mobile (EPMM),1
CVE-2026-0300,2026,2026,2026-05-06,0,Palo Alto Networks,PAN-OS,1
CVE-2026-31431,2026,2026,2026-05-01,0,Linux,Kernel,0
CVE-2026-41940,2026,2026,2026-04-30,0,WebPros,cPanel & WHM and WP2 (WordPress Squared),0
CVE-2024-1708,2024,2026,2026-04-28,2,ConnectWise,ScreenConnect,0
CVE-2026-32202,2026,2026,2026-04-28,0,Microsoft,Windows,0
CVE-2025-29635,2025,2026,2026-04-24,1,D-Link,DIR-823X,1
CVE-2024-7399,2024,2026,2026-04-24,2,Samsung,MagicINFO 9 Server,0
CVE-2024-57728,2024,2026,2026-04-24,2,SimpleHelp ,SimpleHelp,0
CVE-2024-57726,2024,2026,2026-04-24,2,SimpleHelp ,SimpleHelp,0
CVE-2026-39987,2026,2026,2026-04-23,0,Marimo,Marimo,0
CVE-2026-33825,2026,2026,2026-04-22,0,Microsoft,Defender,0
CVE-2026-20122,2026,2026,2026-04-20,0,Cisco,Catalyst SD-WAN Manger,1
CVE-2026-20133,2026,2026,2026-04-20,0,Cisco,Catalyst SD-WAN Manager,1
CVE-2025-2749,2025,2026,2026-04-20,1,Kentico,Kentico Xperience,0
CVE-2023-27351,2023,2026,2026-04-20,3,PaperCut,NG/MF,0
CVE-2025-48700,2025,2026,2026-04-20,1,Synacor,Zimbra Collaboration Suite (ZCS),0
CVE-2026-20128,2026,2026,2026-04-20,0,Cisco,Catalyst SD-WAN Manager,1
CVE-2025-32975,2025,2026,2026-04-20,1,Quest,KACE Systems Management Appliance (SMA),0
CVE-2024-27199,2024,2026,2026-04-20,2,JetBrains,TeamCity,0
CVE-2026-34197,2026,2026,2026-04-16,0,Apache,ActiveMQ,0
CVE-2009-0238,2009,2026,2026-04-14,17,Microsoft,Office,0
CVE-2026-32201,2026,2026,2026-04-14,0,Microsoft,SharePoint Server,0
CVE-2012-1854,2012,2026,2026-04-13,14,Microsoft,Visual Basic for Applications (VBA),0
CVE-2025-60710,2025,2026,2026-04-13,1,Microsoft,Windows,0
CVE-2023-21529,2023,2026,2026-04-13,3,Microsoft,Exchange Server,0
CVE-2023-36424,2023,2026,2026-04-13,3,Microsoft,Windows,0
CVE-2020-9715,2020,2026,2026-04-13,6,Adobe,Acrobat,0
CVE-2026-21643,2026,2026,2026-04-13,0,Fortinet,FortiClient EMS,1
CVE-2026-34621,2026,2026,2026-04-13,0,Adobe,Acrobat and Reader,0
CVE-2026-1340,2026,2026,2026-04-08,0,Ivanti,Endpoint Manager Mobile (EPMM),1
CVE-2026-35616,2026,2026,2026-04-06,0,Fortinet,FortiClient EMS,1
CVE-2026-3502,2026,2026,2026-04-02,0,TrueConf,Client,0
CVE-2026-5281,2026,2026,2026-04-01,0,Google,Dawn,0
CVE-2026-3055,2026,2026,2026-03-30,0,Citrix,NetScaler,1
CVE-2025-53521,2025,2026,2026-03-27,1,F5,BIG-IP,1
CVE-2026-33634,2026,2026,2026-03-26,0,Aquasecurity,Trivy,0
CVE-2026-33017,2026,2026,2026-03-25,0,Langflow,Langflow,0
CVE-2025-32432,2025,2026,2026-03-20,1,Craft CMS,Craft CMS,0
CVE-2025-54068,2025,2026,2026-03-20,1,Laravel,Livewire,0
CVE-2025-43510,2025,2026,2026-03-20,1,Apple,Multiple Products,0
CVE-2025-43520,2025,2026,2026-03-20,1,Apple,Multiple Products,0
CVE-2025-31277,2025,2026,2026-03-20,1,Apple,Multiple Products,0
CVE-2026-20131,2026,2026,2026-03-19,0,Cisco,Secure Firewall Management Center (FMC),1
CVE-2025-66376,2025,2026,2026-03-18,1,Synacor,Zimbra Collaboration Suite (ZCS),0
CVE-2026-20963,2026,2026,2026-03-18,0,Microsoft,SharePoint,0
CVE-2025-47813,2025,2026,2026-03-16,1,Wing FTP Server,Wing FTP Server,0
CVE-2026-3910,2026,2026,2026-03-13,0,Google,Chromium V8,0
CVE-2026-3909,2026,2026,2026-03-13,0,Google,Skia,0
CVE-2025-68613,2025,2026,2026-03-11,1,n8n,n8n,0
CVE-2021-22054,2021,2026,2026-03-09,5,Omnissa,Workspace One UEM,0
CVE-2025-26399,2025,2026,2026-03-09,1,SolarWinds,Web Help Desk,0
CVE-2026-1603,2026,2026,2026-03-09,0,Ivanti, Endpoint Manager (EPM),1
CVE-2017-7921,2017,2026,2026-03-05,9,Hikvision,Multiple Products,0
CVE-2021-22681,2021,2026,2026-03-05,5,Rockwell,Multiple Products,0
CVE-2023-43000,2023,2026,2026-03-05,3,Apple,Multiple Products,0
CVE-2021-30952,2021,2026,2026-03-05,5,Apple,Multiple Products,0
CVE-2023-41974,2023,2026,2026-03-05,3,Apple,iOS and iPadOS,0
CVE-2026-22719,2026,2026,2026-03-03,0,Broadcom,VMware Aria Operations,0
CVE-2026-21385,2026,2026,2026-03-03,0,Qualcomm,Multiple Chipsets,0
CVE-2022-20775,2022,2026,2026-02-25,4,Cisco,SD-WAN,1
CVE-2026-20127,2026,2026,2026-02-25,0,Cisco,Catalyst SD-WAN Controller and Manager,1
CVE-2026-25108,2026,2026,2026-02-24,0,Soliton Systems K.K,FileZen,0
CVE-2025-49113,2025,2026,2026-02-20,1,Roundcube,Webmail,0
CVE-2025-68461,2025,2026,2026-02-20,1,Roundcube,Webmail,0
CVE-2021-22175,2021,2026,2026-02-18,5,GitLab,GitLab,0
CVE-2026-22769,2026,2026,2026-02-18,0,Dell,RecoverPoint for Virtual Machines (RP4VMs),0
CVE-2020-7796,2020,2026,2026-02-17,6,Synacor,Zimbra Collaboration Suite,0
CVE-2024-7694,2024,2026,2026-02-17,2,TeamT5,ThreatSonar Anti-Ransomware,0
CVE-2008-0015,2008,2026,2026-02-17,18,Microsoft,Windows,0
CVE-2026-2441,2026,2026,2026-02-17,0,Google,Chromium,0
CVE-2026-1731,2026,2026,2026-02-13,0,BeyondTrust,Remote Support (RS) and Privileged Remote Access (PRA),0
CVE-2026-20700,2026,2026,2026-02-12,0,Apple,Multiple Products,0
CVE-2024-43468,2024,2026,2026-02-12,2,Microsoft,Configuration Manager,0
CVE-2025-15556,2025,2026,2026-02-12,1,Notepad++,Notepad++,0
CVE-2025-40536,2025,2026,2026-02-12,1,SolarWinds,Web Help Desk,0
CVE-2026-21513,2026,2026,2026-02-10,0,Microsoft,Windows,0
CVE-2026-21525,2026,2026,2026-02-10,0,Microsoft,Windows,0
CVE-2026-21510,2026,2026,2026-02-10,0,Microsoft,Windows,0
CVE-2026-21533,2026,2026,2026-02-10,0,Microsoft,Windows,0
CVE-2026-21519,2026,2026,2026-02-10,0,Microsoft,Windows,0
CVE-2026-21514,2026,2026,2026-02-10,0,Microsoft,Office,0
CVE-2025-11953,2025,2026,2026-02-05,1,React Native Community,CLI,0
CVE-2026-24423,2026,2026,2026-02-05,0,SmarterTools,SmarterMail,0
CVE-2021-39935,2021,2026,2026-02-03,5,GitLab,Community and Enterprise Editions,0
CVE-2025-64328,2025,2026,2026-02-03,1,Sangoma,FreePBX ,0
CVE-2019-19006,2019,2026,2026-02-03,7,Sangoma,FreePBX,0
CVE-2025-40551,2025,2026,2026-02-03,1,SolarWinds,Web Help Desk,0
CVE-2026-1281,2026,2026,2026-01-29,0,Ivanti,Endpoint Manager Mobile (EPMM),1
CVE-2026-24858,2026,2026,2026-01-27,0,Fortinet,Multiple Products,1
CVE-2018-14634,2018,2026,2026-01-26,8,Linux,Kernel,0
CVE-2025-52691,2025,2026,2026-01-26,1,SmarterTools,SmarterMail,0
CVE-2026-23760,2026,2026,2026-01-26,0,SmarterTools,SmarterMail,0
CVE-2026-24061,2026,2026,2026-01-26,0,GNU,InetUtils,0
CVE-2026-21509,2026,2026,2026-01-26,0,Microsoft,Office,0
CVE-2024-37079,2024,2026,2026-01-23,2,Broadcom,VMware vCenter Server,0
CVE-2025-68645,2025,2026,2026-01-22,1,Synacor, Zimbra Collaboration Suite (ZCS),0
CVE-2025-34026,2025,2026,2026-01-22,1,Versa,Concerto,0
CVE-2025-31125,2025,2026,2026-01-22,1,Vite,Vitejs,0
CVE-2025-54313,2025,2026,2026-01-22,1,Prettier,eslint-config-prettier,0
CVE-2026-20045,2026,2026,2026-01-21,0,Cisco,Unified Communications Manager,1
CVE-2026-20805,2026,2026,2026-01-13,0,Microsoft,Windows,0
CVE-2025-8110,2025,2026,2026-01-12,1,Gogs,Gogs,0
CVE-2009-0556,2009,2026,2026-01-07,17,Microsoft,Office,0
CVE-2025-37164,2025,2026,2026-01-07,1,Hewlett Packard Enterprise (HPE),OneView,0
CVE-2025-14847,2025,2025,2025-12-29,0,MongoDB,MongoDB and MongoDB Server,0
CVE-2023-52163,2023,2025,2025-12-22,2,Digiever,DS-2105 Pro,0
CVE-2025-14733,2025,2025,2025-12-19,0,WatchGuard,Firebox,1
CVE-2025-59374,2025,2025,2025-12-17,0,ASUS,Live Update,0
CVE-2025-40602,2025,2025,2025-12-17,0,SonicWall,SMA1000 appliance,1
CVE-2025-20393,2025,2025,2025-12-17,0,Cisco,Multiple Products,1
CVE-2025-59718,2025,2025,2025-12-16,0,Fortinet,Multiple Products,1
CVE-2025-14611,2025,2025,2025-12-15,0,Gladinet,CentreStack and Triofox,0
CVE-2025-43529,2025,2025,2025-12-15,0,Apple,Multiple Products,0
CVE-2018-4063,2018,2025,2025-12-12,7,Sierra Wireless,AirLink ALEOS,1
CVE-2025-14174,2025,2025,2025-12-12,0,Google,Chromium,0
CVE-2025-58360,2025,2025,2025-12-11,0,OSGeo,GeoServer,0
CVE-2025-6218,2025,2025,2025-12-09,0,RARLAB,WinRAR,0
CVE-2025-62221,2025,2025,2025-12-09,0,Microsoft,Windows,0
CVE-2022-37055,2022,2025,2025-12-08,3,D-Link,Routers,1
CVE-2025-66644,2025,2025,2025-12-08,0,Array Networks ,ArrayOS AG,0
CVE-2025-55182,2025,2025,2025-12-05,0,Meta,React Server Components,0
CVE-2021-26828,2021,2025,2025-12-03,4,OpenPLC,ScadaBR,0
CVE-2025-48633,2025,2025,2025-12-02,0,Android,Framework,0
CVE-2025-48572,2025,2025,2025-12-02,0,Android,Framework,0
CVE-2021-26829,2021,2025,2025-11-28,4,OpenPLC,ScadaBR,0
CVE-2025-61757,2025,2025,2025-11-21,0,Oracle,Fusion Middleware,0
CVE-2025-13223,2025,2025,2025-11-19,0,Google,Chromium V8,0
CVE-2025-58034,2025,2025,2025-11-18,0,Fortinet,FortiWeb,1
CVE-2025-64446,2025,2025,2025-11-14,0,Fortinet,FortiWeb,1
CVE-2025-12480,2025,2025,2025-11-12,0,Gladinet,Triofox,0
CVE-2025-62215,2025,2025,2025-11-12,0,Microsoft,Windows,0
CVE-2025-9242,2025,2025,2025-11-12,0,WatchGuard,Firebox,1
CVE-2025-21042,2025,2025,2025-11-10,0,Samsung,Mobile Devices,0
CVE-2025-48703,2025,2025,2025-11-04,0,CWP,Control Web Panel,0
CVE-2025-11371,2025,2025,2025-11-04,0,Gladinet,CentreStack and Triofox,0
CVE-2025-41244,2025,2025,2025-10-30,0,Broadcom,VMware Aria Operations and VMware Tools,0
CVE-2025-24893,2025,2025,2025-10-30,0,XWiki,Platform,0
CVE-2025-6204,2025,2025,2025-10-28,0,Dassault Systèmes,DELMIA Apriso,0
CVE-2025-6205,2025,2025,2025-10-28,0,Dassault Systèmes,DELMIA Apriso,0
CVE-2025-54236,2025,2025,2025-10-24,0,Adobe,Commerce and Magento,0
CVE-2025-59287,2025,2025,2025-10-24,0,Microsoft,Windows,0
CVE-2025-61932,2025,2025,2025-10-22,0,Motex,LANSCOPE Endpoint Manager,0
CVE-2022-48503,2022,2025,2025-10-20,3,Apple,Multiple Products,0
CVE-2025-2746,2025,2025,2025-10-20,0,Kentico,Xperience CMS,0
CVE-2025-2747,2025,2025,2025-10-20,0,Kentico,Xperience CMS,0
CVE-2025-33073,2025,2025,2025-10-20,0,Microsoft,Windows,0
CVE-2025-61884,2025,2025,2025-10-20,0,Oracle,E-Business Suite,0
CVE-2025-54253,2025,2025,2025-10-15,0,Adobe,Experience Manager (AEM) Forms,0
CVE-2025-47827,2025,2025,2025-10-14,0,IGEL,IGEL OS,0
CVE-2025-24990,2025,2025,2025-10-14,0,Microsoft,Windows,0
CVE-2025-59230,2025,2025,2025-10-14,0,Microsoft,Windows,0
CVE-2016-7836,2016,2025,2025-10-14,9,SKYSEA,Client View,0
CVE-2021-43798,2021,2025,2025-10-09,4,Grafana Labs,Grafana,0
CVE-2025-27915,2025,2025,2025-10-07,0,Synacor,Zimbra Collaboration Suite (ZCS),0
CVE-2021-22555,2021,2025,2025-10-06,4,Linux,Kernel,0
CVE-2010-3962,2010,2025,2025-10-06,15,Microsoft,Internet Explorer,0
CVE-2021-43226,2021,2025,2025-10-06,4,Microsoft,Windows,0
CVE-2013-3918,2013,2025,2025-10-06,12,Microsoft,Windows,0
CVE-2011-3402,2011,2025,2025-10-06,14,Microsoft,Windows,0
CVE-2010-3765,2010,2025,2025-10-06,15,Mozilla,Multiple Products,0
CVE-2025-61882,2025,2025,2025-10-06,0,Oracle,E-Business Suite,0
CVE-2014-6278,2014,2025,2025-10-02,11,GNU,GNU Bash,0
CVE-2017-1000353,2017,2025,2025-10-02,8,Jenkins,Jenkins,0
CVE-2015-7755,2015,2025,2025-10-02,10,Juniper,ScreenOS,1
CVE-2025-21043,2025,2025,2025-10-02,0,Samsung,Mobile Devices,0
CVE-2025-4008,2025,2025,2025-10-02,0,Smartbedded,Meteobridge,0
CVE-2025-32463,2025,2025,2025-09-29,0,Sudo,Sudo,0
CVE-2025-59689,2025,2025,2025-09-29,0,Libraesva,Email Security Gateway,0
CVE-2025-10035,2025,2025,2025-09-29,0,Fortra,GoAnywhere MFT,0
CVE-2025-20352,2025,2025,2025-09-29,0,Cisco,IOS and IOS XE,1
CVE-2021-21311,2021,2025,2025-09-29,4,Adminer,Adminer,0
CVE-2025-20362,2025,2025,2025-09-25,0,Cisco,Secure Firewall Adaptive Security Appliance and Secure Firewall Threat Defense,1
CVE-2025-20333,2025,2025,2025-09-25,0,Cisco,Secure Firewall Adaptive Security Appliance and Secure Firewall Threat Defense,1
CVE-2025-10585,2025,2025,2025-09-23,0,Google,Chromium V8,0
CVE-2025-5086,2025,2025,2025-09-11,0,Dassault Systèmes,DELMIA Apriso,0
CVE-2025-38352,2025,2025,2025-09-04,0,Linux,Kernel,0
CVE-2025-48543,2025,2025,2025-09-04,0,Android,Runtime,0
CVE-2025-53690,2025,2025,2025-09-04,0,Sitecore,Multiple Products,0
CVE-2023-50224,2023,2025,2025-09-03,2,TP-Link,TL-WR841N,1
CVE-2025-9377,2025,2025,2025-09-03,0,TP-Link,Multiple Routers,1
CVE-2020-24363,2020,2025,2025-09-02,5,TP-Link,TL-WA855RE,1
CVE-2025-55177,2025,2025,2025-09-02,0,Meta Platforms,WhatsApp,0
CVE-2025-57819,2025,2025,2025-08-29,0,Sangoma,FreePBX,0
CVE-2025-7775,2025,2025,2025-08-26,0,Citrix,NetScaler,1
CVE-2025-48384,2025,2025,2025-08-25,0,Git,Git,0
CVE-2024-8068,2024,2025,2025-08-25,1,Citrix,Session Recording,1
CVE-2024-8069,2024,2025,2025-08-25,1,Citrix,Session Recording,1
CVE-2025-43300,2025,2025,2025-08-21,0,Apple,"iOS, iPadOS, and macOS",0
CVE-2025-54948,2025,2025,2025-08-18,0,Trend Micro,Apex One,0
CVE-2025-8876,2025,2025,2025-08-13,0,N-able,N-Central,0
CVE-2025-8875,2025,2025,2025-08-13,0,N-able,N-Central,0
CVE-2025-8088,2025,2025,2025-08-12,0,RARLAB,WinRAR,0
CVE-2007-0671,2007,2025,2025-08-12,18,Microsoft,Office,0
CVE-2013-3893,2013,2025,2025-08-12,12,Microsoft,Internet Explorer,0
CVE-2020-25078,2020,2025,2025-08-05,5,D-Link,DCS-2530L and DCS-2670L Devices,1
CVE-2020-25079,2020,2025,2025-08-05,5,D-Link,DCS-2530L and DCS-2670L Devices,1
CVE-2022-40799,2022,2025,2025-08-05,3,D-Link,DNR-322L,1
CVE-2023-2533,2023,2025,2025-07-28,2,PaperCut,NG/MF,0
CVE-2025-20337,2025,2025,2025-07-28,0,Cisco,Identity Services Engine,1
CVE-2025-20281,2025,2025,2025-07-28,0,Cisco,Identity Services Engine,1
CVE-2025-2775,2025,2025,2025-07-22,0,SysAid,SysAid On-Prem,0
CVE-2025-2776,2025,2025,2025-07-22,0,SysAid,SysAid On-Prem,0
CVE-2025-6558,2025,2025,2025-07-22,0,Google,Chromium,0
CVE-2025-54309,2025,2025,2025-07-22,0,CrushFTP,CrushFTP,0
CVE-2025-49704,2025,2025,2025-07-22,0,Microsoft,SharePoint,0
CVE-2025-49706,2025,2025,2025-07-22,0,Microsoft,SharePoint,0
CVE-2025-53770,2025,2025,2025-07-20,0,Microsoft,SharePoint,0
CVE-2025-25257,2025,2025,2025-07-18,0,Fortinet,FortiWeb,1
CVE-2025-47812,2025,2025,2025-07-14,0,Wing FTP Server,Wing FTP Server,0
CVE-2025-5777,2025,2025,2025-07-10,0,Citrix,NetScaler ADC and Gateway,1
CVE-2019-9621,2019,2025,2025-07-07,6,Synacor,Zimbra Collaboration Suite (ZCS),0
CVE-2019-5418,2019,2025,2025-07-07,6,Rails,Ruby on Rails,0
CVE-2016-10033,2016,2025,2025-07-07,9,PHP,PHPMailer,0
CVE-2014-3931,2014,2025,2025-07-07,11,Looking Glass,Multi-Router Looking Glass (MRLG),0
CVE-2025-6554,2025,2025,2025-07-02,0,Google,Chromium V8,0
CVE-2025-48928,2025,2025,2025-07-01,0,TeleMessage,TM SGNL,0
CVE-2025-48927,2025,2025,2025-07-01,0,TeleMessage,TM SGNL,0
CVE-2025-6543,2025,2025,2025-06-30,0,Citrix,NetScaler ADC and Gateway,1
CVE-2019-6693,2019,2025,2025-06-25,6,Fortinet,FortiOS,1
CVE-2024-0769,2024,2025,2025-06-25,1,D-Link,DIR-859 Router,1
CVE-2024-54085,2024,2025,2025-06-25,1,AMI,MegaRAC SPx,0
CVE-2023-0386,2023,2025,2025-06-17,2,Linux,Kernel,0
CVE-2023-33538,2023,2025,2025-06-16,2,TP-Link,Multiple Routers,1
CVE-2025-43200,2025,2025,2025-06-16,0,Apple,Multiple Products,0
CVE-2025-33053,2025,2025,2025-06-10,0,Microsoft,Windows,0
CVE-2025-24016,2025,2025,2025-06-10,0,Wazuh,Wazuh Server,0
CVE-2024-42009,2024,2025,2025-06-09,1,Roundcube,Webmail,0
CVE-2025-32433,2025,2025,2025-06-09,0,Erlang,Erlang/OTP,0
CVE-2025-5419,2025,2025,2025-06-05,0,Google,Chromium V8,0
CVE-2025-21479,2025,2025,2025-06-03,0,Qualcomm,Multiple Chipsets,0
CVE-2025-21480,2025,2025,2025-06-03,0,Qualcomm,Multiple Chipsets,0
CVE-2025-27038,2025,2025,2025-06-03,0,Qualcomm,Multiple Chipsets,0
CVE-2021-32030,2021,2025,2025-06-02,4,ASUS,Routers,0
CVE-2025-3935,2025,2025,2025-06-02,0,ConnectWise,ScreenConnect,0
CVE-2025-35939,2025,2025,2025-06-02,0,Craft CMS,Craft CMS,0
CVE-2024-56145,2024,2025,2025-06-02,1,Craft CMS,Craft CMS,0
CVE-2023-39780,2023,2025,2025-06-02,2,ASUS,RT-AX55 Routers,0
CVE-2025-4632,2025,2025,2025-05-22,0,Samsung,MagicINFO 9 Server,0
CVE-2023-38950,2023,2025,2025-05-19,2,ZKTeco,BioTime,0
CVE-2024-27443,2024,2025,2025-05-19,1,Synacor,Zimbra Collaboration Suite (ZCS),0
CVE-2025-27920,2025,2025,2025-05-19,0,Srimax,Output Messenger,0
CVE-2024-11182,2024,2025,2025-05-19,1,MDaemon,Email Server,0
CVE-2025-4428,2025,2025,2025-05-19,0,Ivanti,Endpoint Manager Mobile (EPMM),1
CVE-2025-4427,2025,2025,2025-05-19,0,Ivanti,Endpoint Manager Mobile (EPMM),1
CVE-2025-42999,2025,2025,2025-05-15,0,SAP,NetWeaver,0
CVE-2024-12987,2024,2025,2025-05-15,1,DrayTek,Vigor Routers,0
CVE-2025-32756,2025,2025,2025-05-14,0,Fortinet,Multiple Products,1
CVE-2025-32709,2025,2025,2025-05-13,0,Microsoft,Windows,0
CVE-2025-30397,2025,2025,2025-05-13,0,Microsoft,Windows,0
CVE-2025-32706,2025,2025,2025-05-13,0,Microsoft,Windows,0
CVE-2025-32701,2025,2025,2025-05-13,0,Microsoft,Windows,0
CVE-2025-30400,2025,2025,2025-05-13,0,Microsoft,Windows,0
CVE-2025-47729,2025,2025,2025-05-12,0,TeleMessage,TM SGNL,0
CVE-2024-11120,2024,2025,2025-05-07,1,GeoVision,Multiple Devices,0
CVE-2024-6047,2024,2025,2025-05-07,1,GeoVision,Multiple Devices,0
CVE-2025-27363,2025,2025,2025-05-06,0,FreeType,FreeType,0
CVE-2025-3248,2025,2025,2025-05-05,0,Langflow,Langflow,0
CVE-2025-34028,2025,2025,2025-05-02,0,Commvault,Command Center,0
CVE-2024-58136,2024,2025,2025-05-02,1,Yiiframework,Yii,0
CVE-2024-38475,2024,2025,2025-05-01,1,Apache,HTTP Server,0
CVE-2023-44221,2023,2025,2025-05-01,2,SonicWall,SMA100 Appliances,1
CVE-2025-31324,2025,2025,2025-04-29,0,SAP,NetWeaver,0
CVE-2025-1976,2025,2025,2025-04-28,0,Broadcom,Brocade Fabric OS,0
CVE-2025-42599,2025,2025,2025-04-28,0,Qualitia,Active! Mail,0
CVE-2025-3928,2025,2025,2025-04-28,0,Commvault,Web Server,0
CVE-2025-24054,2025,2025,2025-04-17,0,Microsoft,Windows,0
CVE-2025-31201,2025,2025,2025-04-17,0,Apple,Multiple Products,0
CVE-2025-31200,2025,2025,2025-04-17,0,Apple,Multiple Products,0
CVE-2021-20035,2021,2025,2025-04-16,4,SonicWall,SMA100 Appliances,1
CVE-2024-53150,2024,2025,2025-04-09,1,Linux,Kernel,0
CVE-2024-53197,2024,2025,2025-04-09,1,Linux,Kernel,0
CVE-2025-29824,2025,2025,2025-04-08,0,Microsoft,Windows,0
CVE-2025-30406,2025,2025,2025-04-08,0,Gladinet,CentreStack,0
CVE-2025-31161,2025,2025,2025-04-07,0,CrushFTP,CrushFTP,0
CVE-2025-22457,2025,2025,2025-04-04,0,Ivanti,"Connect Secure, Policy Secure, and ZTA Gateways",1
CVE-2025-24813,2025,2025,2025-04-01,0,Apache,Tomcat,0
CVE-2024-20439,2024,2025,2025-03-31,1,Cisco,Smart Licensing Utility,1
CVE-2025-2783,2025,2025,2025-03-27,0,Google,Chromium Mojo,0
CVE-2019-9875,2019,2025,2025-03-26,6,Sitecore,CMS and Experience Platform (XP),0
CVE-2019-9874,2019,2025,2025-03-26,6,Sitecore,CMS and Experience Platform (XP),0
CVE-2025-30154,2025,2025,2025-03-24,0,reviewdog,action-setup GitHub Action,0
CVE-2017-12637,2017,2025,2025-03-19,8,SAP,NetWeaver,0
CVE-2024-48248,2024,2025,2025-03-19,1,NAKIVO,Backup and Replication,0
CVE-2025-1316,2025,2025,2025-03-19,0,Edimax,IC-7100 IP Camera,0
CVE-2025-30066,2025,2025,2025-03-18,0,tj-actions,changed-files GitHub Action,0
CVE-2025-24472,2025,2025,2025-03-18,0,Fortinet,FortiOS and FortiProxy,1
CVE-2025-21590,2025,2025,2025-03-13,0,Juniper,Junos OS,1
CVE-2025-24201,2025,2025,2025-03-13,0,Apple,Multiple Products,0
CVE-2025-24993,2025,2025,2025-03-11,0,Microsoft,Windows,0
CVE-2025-24991,2025,2025,2025-03-11,0,Microsoft,Windows,0
CVE-2025-24985,2025,2025,2025-03-11,0,Microsoft,Windows,0
CVE-2025-24984,2025,2025,2025-03-11,0,Microsoft,Windows,0
CVE-2025-24983,2025,2025,2025-03-11,0,Microsoft,Windows,0
CVE-2025-26633,2025,2025,2025-03-11,0,Microsoft,Windows,0
CVE-2024-13161,2024,2025,2025-03-10,1,Ivanti,Endpoint Manager (EPM),1
CVE-2024-13160,2024,2025,2025-03-10,1,Ivanti,Endpoint Manager (EPM),1
CVE-2024-13159,2024,2025,2025-03-10,1,Ivanti,Endpoint Manager (EPM),1
CVE-2024-57968,2024,2025,2025-03-10,1,Advantive,VeraCore,0
CVE-2025-25181,2025,2025,2025-03-10,0,Advantive,VeraCore,0
CVE-2025-22226,2025,2025,2025-03-04,0,VMware,"ESXi, Workstation, and Fusion",0
CVE-2025-22225,2025,2025,2025-03-04,0,VMware,ESXi,0
CVE-2025-22224,2025,2025,2025-03-04,0,VMware,ESXi and Workstation,0
CVE-2024-50302,2024,2025,2025-03-04,1,Linux,Kernel,0
CVE-2024-4885,2024,2025,2025-03-03,1,Progress,WhatsUp Gold,0
CVE-2018-8639,2018,2025,2025-03-03,7,Microsoft,Windows,0
CVE-2022-43769,2022,2025,2025-03-03,3,Hitachi Vantara,Pentaho Business Analytics (BA) Server,0
CVE-2022-43939,2022,2025,2025-03-03,3,Hitachi Vantara,Pentaho Business Analytics (BA) Server,0
CVE-2023-20118,2023,2025,2025-03-03,2,Cisco,Small Business RV Series Routers,1
CVE-2023-34192,2023,2025,2025-02-25,2,Synacor,Zimbra Collaboration Suite (ZCS),0
CVE-2024-49035,2024,2025,2025-02-25,1,Microsoft,Partner Center,0
CVE-2024-20953,2024,2025,2025-02-24,1,Oracle,Agile Product Lifecycle Management (PLM),0
CVE-2017-3066,2017,2025,2025-02-24,8,Adobe,ColdFusion,0
CVE-2025-24989,2025,2025,2025-02-21,0,Microsoft,Power Pages,0
CVE-2025-0111,2025,2025,2025-02-20,0,Palo Alto Networks,PAN-OS,1
CVE-2025-23209,2025,2025,2025-02-20,0,Craft CMS,Craft CMS,0
CVE-2025-0108,2025,2025,2025-02-18,0,Palo Alto Networks,PAN-OS,1
CVE-2024-53704,2024,2025,2025-02-18,1,SonicWall,SonicOS,1
CVE-2024-57727,2024,2025,2025-02-13,1,SimpleHelp ,SimpleHelp,0
CVE-2025-24200,2025,2025,2025-02-12,0,Apple,iOS and iPadOS,0
CVE-2024-41710,2024,2025,2025-02-12,1,Mitel,SIP Phones,0
CVE-2024-40891,2024,2025,2025-02-11,1,Zyxel,DSL CPE Devices,1
CVE-2024-40890,2024,2025,2025-02-11,1,Zyxel,DSL CPE Devices,1
CVE-2025-21418,2025,2025,2025-02-11,0,Microsoft,Windows,0
CVE-2025-21391,2025,2025,2025-02-11,0,Microsoft,Windows,0
CVE-2025-0994,2025,2025,2025-02-07,0,Trimble,Cityworks,0
CVE-2020-15069,2020,2025,2025-02-06,5,Sophos,XG Firewall,1
CVE-2020-29574,2020,2025,2025-02-06,5,Sophos,CyberoamOS,1
CVE-2024-21413,2024,2025,2025-02-06,1,Microsoft,Office Outlook,0
CVE-2022-23748,2022,2025,2025-02-06,3,Audinate,Dante Discovery,0
CVE-2025-0411,2025,2025,2025-02-06,0,7-Zip,7-Zip,0
CVE-2024-53104,2024,2025,2025-02-05,1,Linux,Kernel,0
CVE-2018-19410,2018,2025,2025-02-04,7,Paessler,PRTG Network Monitor,0
CVE-2018-9276,2018,2025,2025-02-04,7,Paessler,PRTG Network Monitor,0
CVE-2024-29059,2024,2025,2025-02-04,1,Microsoft,.NET Framework,0
CVE-2024-45195,2024,2025,2025-02-04,1,Apache,OFBiz,0
CVE-2025-24085,2025,2025,2025-01-29,0,Apple,Multiple Products,0
CVE-2025-23006,2025,2025,2025-01-24,0,SonicWall,SMA1000 Appliances,1
CVE-2020-11023,2020,2025,2025-01-23,5,JQuery,JQuery,0
CVE-2024-50603,2024,2025,2025-01-16,1,Aviatrix,Controllers,0
CVE-2025-21335,2025,2025,2025-01-14,0,Microsoft,Windows,0
CVE-2025-21334,2025,2025,2025-01-14,0,Microsoft,Windows,0
CVE-2025-21333,2025,2025,2025-01-14,0,Microsoft,Windows,0
CVE-2024-55591,2024,2025,2025-01-14,1,Fortinet,FortiOS and FortiProxy,1
CVE-2023-48365,2023,2025,2025-01-13,2,Qlik,Sense,0
CVE-2024-12686,2024,2025,2025-01-13,1,BeyondTrust,Privileged Remote Access (PRA) and Remote Support (RS),0
CVE-2025-0282,2025,2025,2025-01-08,0,Ivanti,"Connect Secure, Policy Secure, and ZTA Gateways",1
CVE-2020-2883,2020,2025,2025-01-07,5,Oracle,WebLogic Server,0
CVE-2024-55550,2024,2025,2025-01-07,1,Mitel,MiCollab,0
CVE-2024-41713,2024,2025,2025-01-07,1,Mitel,MiCollab,0
CVE-2024-3393,2024,2024,2024-12-30,0,Palo Alto Networks,PAN-OS,1
CVE-2021-44207,2021,2024,2024-12-23,3,Acclaim Systems,USAHERDS,0
CVE-2024-12356,2024,2024,2024-12-19,0,BeyondTrust,Privileged Remote Access (PRA) and Remote Support (RS) ,0
CVE-2021-40407,2021,2024,2024-12-18,3,Reolink,RLC-410W IP Camera,0
CVE-2019-11001,2019,2024,2024-12-18,5,Reolink,Multiple IP Cameras,0
CVE-2022-23227,2022,2024,2024-12-18,2,NUUO,NVRmini2 Devices,0
CVE-2018-14933,2018,2024,2024-12-18,6,NUUO,NVRmini Devices,0
CVE-2024-55956,2024,2024,2024-12-17,0,Cleo,Multiple Products,0
CVE-2024-35250,2024,2024,2024-12-16,0,Microsoft,Windows,0
CVE-2024-20767,2024,2024,2024-12-16,0,Adobe,ColdFusion,0
CVE-2024-50623,2024,2024,2024-12-13,0,Cleo,Multiple Products,0
CVE-2024-49138,2024,2024,2024-12-10,0,Microsoft,Windows,0
CVE-2024-51378,2024,2024,2024-12-04,0,CyberPersons,CyberPanel,0
CVE-2024-11667,2024,2024,2024-12-03,0,Zyxel,Multiple Firewalls,1
CVE-2024-11680,2024,2024,2024-12-03,0,ProjectSend,ProjectSend,0
CVE-2023-45727,2023,2024,2024-12-03,1,North Grid,Proself,0
CVE-2023-28461,2023,2024,2024-11-25,1,Array Networks ,AG/vxAG ArrayOS,0
CVE-2024-21287,2024,2024,2024-11-21,0,Oracle,Agile Product Lifecycle Management (PLM),0
CVE-2024-44309,2024,2024,2024-11-21,0,Apple,Multiple Products,0
CVE-2024-44308,2024,2024,2024-11-21,0,Apple,Multiple Products,0
CVE-2024-38813,2024,2024,2024-11-20,0,VMware,vCenter Server,0
CVE-2024-38812,2024,2024,2024-11-20,0,VMware,vCenter Server,0
CVE-2024-9474,2024,2024,2024-11-18,0,Palo Alto Networks,PAN-OS,1
CVE-2024-0012,2024,2024,2024-11-18,0,Palo Alto Networks,PAN-OS,1
CVE-2024-1212,2024,2024,2024-11-18,0,Progress,Kemp LoadMaster,0
CVE-2024-9465,2024,2024,2024-11-14,0,Palo Alto Networks,Expedition,1
CVE-2024-9463,2024,2024,2024-11-14,0,Palo Alto Networks,Expedition,1
CVE-2021-26086,2021,2024,2024-11-12,3,Atlassian,Jira Server and Data Center,0
CVE-2014-2120,2014,2024,2024-11-12,10,Cisco,Adaptive Security Appliance (ASA),1
CVE-2021-41277,2021,2024,2024-11-12,3,Metabase,Metabase,0
CVE-2024-43451,2024,2024,2024-11-12,0,Microsoft,Windows,0
CVE-2024-49039,2024,2024,2024-11-12,0,Microsoft,Windows,0
CVE-2019-16278,2019,2024,2024-11-07,5,Nostromo,nhttpd,0
CVE-2024-51567,2024,2024,2024-11-07,0,CyberPersons,CyberPanel,0
CVE-2024-43093,2024,2024,2024-11-07,0,Android,Framework,0
CVE-2024-5910,2024,2024,2024-11-07,0,Palo Alto Networks,Expedition,1
CVE-2024-8956,2024,2024,2024-11-04,0,PTZOptics,PT30X-SDI/NDI Cameras,0
CVE-2024-8957,2024,2024,2024-11-04,0,PTZOptics,PT30X-SDI/NDI Cameras,0
CVE-2024-37383,2024,2024,2024-10-24,0,Roundcube,Webmail,0
CVE-2024-20481,2024,2024,2024-10-24,0,Cisco,Adaptive Security Appliance (ASA) and Firepower Threat Defense (FTD),1
CVE-2024-47575,2024,2024,2024-10-23,0,Fortinet,FortiManager,1
CVE-2024-38094,2024,2024,2024-10-22,0,Microsoft,SharePoint,0
CVE-2024-9537,2024,2024,2024-10-21,0,ScienceLogic,SL1,0
CVE-2024-40711,2024,2024,2024-10-17,0,Veeam,Backup & Replication,0
CVE-2024-28987,2024,2024,2024-10-15,0,SolarWinds,Web Help Desk,0
CVE-2024-9680,2024,2024,2024-10-15,0,Mozilla,Firefox,0
CVE-2024-30088,2024,2024,2024-10-15,0,Microsoft,Windows ,0
CVE-2024-9380,2024,2024,2024-10-09,0,Ivanti,Cloud Services Appliance (CSA),1
CVE-2024-9379,2024,2024,2024-10-09,0,Ivanti,Cloud Services Appliance (CSA),1
CVE-2024-23113,2024,2024,2024-10-09,0,Fortinet,Multiple Products,1
CVE-2024-43573,2024,2024,2024-10-08,0,Microsoft,Windows,0
CVE-2024-43572,2024,2024,2024-10-08,0,Microsoft,Windows,0
CVE-2024-43047,2024,2024,2024-10-08,0,Qualcomm,Multiple Chipsets ,0
CVE-2024-45519,2024,2024,2024-10-03,0,Synacor,Zimbra Collaboration Suite (ZCS),0
CVE-2024-29824,2024,2024,2024-10-02,0,Ivanti,Endpoint Manager (EPM),1
CVE-2019-0344,2019,2024,2024-09-30,5,SAP,Commerce Cloud,0
CVE-2020-15415,2020,2024,2024-09-30,4,DrayTek,Multiple Vigor Routers,0
CVE-2023-25280,2023,2024,2024-09-30,1,D-Link,DIR-820 Router,1
CVE-2024-7593,2024,2024,2024-09-24,0,Ivanti,Virtual Traffic Manager,1
CVE-2024-8963,2024,2024,2024-09-19,0,Ivanti,Cloud Services Appliance (CSA),1
CVE-2020-14644,2020,2024,2024-09-18,4,Oracle,WebLogic Server,0
CVE-2022-21445,2022,2024,2024-09-18,2,Oracle,ADF Faces,0
CVE-2020-0618,2020,2024,2024-09-18,4,Microsoft,SQL Server,0
CVE-2024-27348,2024,2024,2024-09-18,0,Apache,HugeGraph-Server,0
CVE-2014-0502,2014,2024,2024-09-17,10,Adobe,Flash Player,0
CVE-2013-0648,2013,2024,2024-09-17,11,Adobe,Flash Player,0
CVE-2013-0643,2013,2024,2024-09-17,11,Adobe,Flash Player,0
CVE-2014-0497,2014,2024,2024-09-17,10,Adobe,Flash Player,0
CVE-2024-6670,2024,2024,2024-09-16,0,Progress,WhatsUp Gold,0
CVE-2024-43461,2024,2024,2024-09-16,0,Microsoft,Windows,0
CVE-2024-8190,2024,2024,2024-09-13,0,Ivanti,Cloud Services Appliance,1
CVE-2024-38217,2024,2024,2024-09-10,0,Microsoft,Windows,0
CVE-2024-38014,2024,2024,2024-09-10,0,Microsoft,Windows,0
CVE-2024-38226,2024,2024,2024-09-10,0,Microsoft,Publisher,0
CVE-2024-40766,2024,2024,2024-09-09,0,SonicWall,SonicOS,1
CVE-2017-1000253,2017,2024,2024-09-09,7,Linux,Kernel,0
CVE-2016-3714,2016,2024,2024-09-09,8,ImageMagick,ImageMagick,0
CVE-2024-7262,2024,2024,2024-09-03,0,Kingsoft,WPS Office,0
CVE-2021-20124,2021,2024,2024-09-03,3,DrayTek,VigorConnect,0
CVE-2021-20123,2021,2024,2024-09-03,3,DrayTek,VigorConnect,0
CVE-2024-7965,2024,2024,2024-08-28,0,Google,Chromium V8,0
CVE-2024-38856,2024,2024,2024-08-27,0,Apache,OFBiz,0
CVE-2024-7971,2024,2024,2024-08-26,0,Google,Chromium V8,0
CVE-2024-39717,2024,2024,2024-08-23,0,Versa,Director,0
CVE-2021-31196,2021,2024,2024-08-21,3,Microsoft,Exchange Server,0
CVE-2022-0185,2022,2024,2024-08-21,2,Linux,Kernel,0
CVE-2021-33045,2021,2024,2024-08-21,3,Dahua,IP Camera Firmware,0
CVE-2021-33044,2021,2024,2024-08-21,3,Dahua,IP Camera Firmware,0
CVE-2024-23897,2024,2024,2024-08-19,0,Jenkins,Jenkins Command Line Interface (CLI),0
CVE-2024-28986,2024,2024,2024-08-15,0,SolarWinds,Web Help Desk,0
CVE-2024-38107,2024,2024,2024-08-13,0,Microsoft,Windows,0
CVE-2024-38106,2024,2024,2024-08-13,0,Microsoft,Windows,0
CVE-2024-38193,2024,2024,2024-08-13,0,Microsoft,Windows,0
CVE-2024-38213,2024,2024,2024-08-13,0,Microsoft,Windows,0
CVE-2024-38178,2024,2024,2024-08-13,0,Microsoft,Windows,0
CVE-2024-38189,2024,2024,2024-08-13,0,Microsoft,Project,0
CVE-2024-32113,2024,2024,2024-08-07,0,Apache,OFBiz,0
CVE-2024-36971,2024,2024,2024-08-07,0,Android,Kernel,0
CVE-2018-0824,2018,2024,2024-08-05,6,Microsoft,Windows,0
CVE-2024-37085,2024,2024,2024-07-30,0,VMware,ESXi,0
CVE-2023-45249,2023,2024,2024-07-29,1,Acronis,Cyber Infrastructure (ACI),0
CVE-2024-5217,2024,2024,2024-07-29,0,ServiceNow,"Utah, Vancouver, and Washington DC Now Platform",0
CVE-2024-4879,2024,2024,2024-07-29,0,ServiceNow,"Utah, Vancouver, and Washington DC Now Platform",0
CVE-2024-39891,2024,2024,2024-07-23,0,Twilio,Authy,0
CVE-2012-4792,2012,2024,2024-07-23,12,Microsoft,Internet Explorer,0
CVE-2022-22948,2022,2024,2024-07-17,2,VMware,vCenter Server,0
CVE-2024-28995,2024,2024,2024-07-17,0,SolarWinds,Serv-U,0
CVE-2024-34102,2024,2024,2024-07-17,0,Adobe,Commerce and Magento Open Source,0
CVE-2024-36401,2024,2024,2024-07-15,0,OSGeo,GeoServer,0
CVE-2024-23692,2024,2024,2024-07-09,0,Rejetto,HTTP File Server,0
CVE-2024-38080,2024,2024,2024-07-09,0,Microsoft,Windows ,0
CVE-2024-38112,2024,2024,2024-07-09,0,Microsoft,Windows,0
CVE-2024-20399,2024,2024,2024-07-02,0,Cisco,NX-OS,1
CVE-2020-13965,2020,2024,2024-06-26,4,Roundcube,Webmail,0
CVE-2022-2586,2022,2024,2024-06-26,2,Linux,Kernel,0
CVE-2022-24816,2022,2024,2024-06-26,2,OSGeo,JAI-EXT,0
CVE-2024-4358,2024,2024,2024-06-13,0,Progress,Telerik Report Server,0
CVE-2024-26169,2024,2024,2024-06-13,0,Microsoft,Windows,0
CVE-2024-32896,2024,2024,2024-06-13,0,Android,Pixel,0
CVE-2024-4577,2024,2024,2024-06-12,0,PHP Group,PHP,0
CVE-2024-4610,2024,2024,2024-06-12,0,Arm,Mali GPU Kernel Driver,0
CVE-2017-3506,2017,2024,2024-06-03,7,Oracle,WebLogic Server,0
CVE-2024-1086,2024,2024,2024-05-30,0,Linux,Kernel,0
CVE-2024-24919,2024,2024,2024-05-30,0,Check Point,Quantum Security Gateways,1
CVE-2024-4978,2024,2024,2024-05-29,0,Justice AV Solutions,Viewer ,0
CVE-2024-5274,2024,2024,2024-05-28,0,Google,Chromium V8,0
CVE-2020-17519,2020,2024,2024-05-23,4,Apache,Flink,0
CVE-2024-4947,2024,2024,2024-05-20,0,Google,Chromium V8,0
CVE-2023-43208,2023,2024,2024-05-20,1,NextGen Healthcare,Mirth Connect,0
CVE-2024-4761,2024,2024,2024-05-16,0,Google,Chromium V8,0
CVE-2021-40655,2021,2024,2024-05-16,3,D-Link,DIR-605 Router,1
CVE-2014-100005,2014,2024,2024-05-16,10,D-Link,DIR-600 Router,1
CVE-2024-30040,2024,2024,2024-05-14,0,Microsoft,Windows,0
CVE-2024-30051,2024,2024,2024-05-14,0,Microsoft,DWM Core Library,0
CVE-2024-4671,2024,2024,2024-05-13,0,Google,Chromium,0
CVE-2023-7028,2023,2024,2024-05-01,1,GitLab,GitLab CE/EE,0
CVE-2024-29988,2024,2024,2024-04-30,0,Microsoft,SmartScreen Prompt,0
CVE-2024-4040,2024,2024,2024-04-24,0,CrushFTP,CrushFTP,0
CVE-2024-20359,2024,2024,2024-04-24,0,Cisco,Adaptive Security Appliance (ASA) and Firepower Threat Defense (FTD),1
CVE-2024-20353,2024,2024,2024-04-24,0,Cisco,Adaptive Security Appliance (ASA) and Firepower Threat Defense (FTD),1
CVE-2022-38028,2022,2024,2024-04-23,2,Microsoft,Windows,0
CVE-2024-3400,2024,2024,2024-04-12,0,Palo Alto Networks,PAN-OS,1
CVE-2024-3273,2024,2024,2024-04-11,0,D-Link,Multiple NAS Devices,1
CVE-2024-3272,2024,2024,2024-04-11,0,D-Link,Multiple NAS Devices,1
CVE-2024-29748,2024,2024,2024-04-04,0,Android,Pixel,0
CVE-2024-29745,2024,2024,2024-04-04,0,Android,Pixel,0
CVE-2023-24955,2023,2024,2024-03-26,1,Microsoft,SharePoint Server,0
CVE-2019-7256,2019,2024,2024-03-25,5,Nice,Linear eMerge E3-Series,0
CVE-2021-44529,2021,2024,2024-03-25,3,Ivanti,Endpoint Manager Cloud Service Appliance (EPM CSA),1
CVE-2023-48788,2023,2024,2024-03-25,1,Fortinet,FortiClient EMS,1
CVE-2024-27198,2024,2024,2024-03-07,0,JetBrains,TeamCity,0
CVE-2024-23225,2024,2024,2024-03-06,0,Apple,Multiple Products,0
CVE-2024-23296,2024,2024,2024-03-06,0,Apple,Multiple Products,0
CVE-2023-21237,2023,2024,2024-03-05,1,Android,Pixel,0
CVE-2021-36380,2021,2024,2024-03-05,3,Sunhillo,SureLine,0
CVE-2024-21338,2024,2024,2024-03-04,0,Microsoft,Windows,0
CVE-2023-29360,2023,2024,2024-02-29,1,Microsoft,Streaming Service,0
CVE-2024-1709,2024,2024,2024-02-22,0,ConnectWise,ScreenConnect,0
CVE-2020-3259,2020,2024,2024-02-15,4,Cisco,Adaptive Security Appliance (ASA) and Firepower Threat Defense (FTD),1
CVE-2024-21410,2024,2024,2024-02-15,0,Microsoft,Exchange Server,0
CVE-2024-21412,2024,2024,2024-02-13,0,Microsoft,Windows,0
CVE-2024-21351,2024,2024,2024-02-13,0,Microsoft,Windows,0
CVE-2023-43770,2023,2024,2024-02-12,1,Roundcube,Webmail,0
CVE-2024-21762,2024,2024,2024-02-09,0,Fortinet,FortiOS,1
CVE-2023-4762,2023,2024,2024-02-06,1,Google,Chromium V8,0
CVE-2022-48618,2022,2024,2024-01-31,2,Apple,Multiple Products,0
CVE-2024-21893,2024,2024,2024-01-31,0,Ivanti,"Connect Secure, Policy Secure, and Neurons",1
CVE-2023-22527,2023,2024,2024-01-24,1,Atlassian,Confluence Data Center and Server,0
CVE-2024-23222,2024,2024,2024-01-23,0,Apple,Multiple Products,0
CVE-2023-34048,2023,2024,2024-01-22,1,VMware,vCenter Server,0
CVE-2023-35082,2023,2024,2024-01-18,1,Ivanti,Endpoint Manager Mobile (EPMM) and MobileIron Core,1
CVE-2024-0519,2024,2024,2024-01-17,0,Google,Chromium V8,0
CVE-2023-6549,2023,2024,2024-01-17,1,Citrix,NetScaler ADC and NetScaler Gateway,1
CVE-2023-6548,2023,2024,2024-01-17,1,Citrix,NetScaler ADC and NetScaler Gateway,1
CVE-2018-15133,2018,2024,2024-01-16,6,Laravel,Laravel Framework,0
CVE-2023-29357,2023,2024,2024-01-10,1,Microsoft,SharePoint Server,0
CVE-2023-46805,2023,2024,2024-01-10,1,Ivanti,Connect Secure and Policy Secure,1
CVE-2024-21887,2024,2024,2024-01-10,0,Ivanti,Connect Secure and Policy Secure,1
CVE-2023-23752,2023,2024,2024-01-08,1,Joomla!,Joomla!,0
CVE-2016-20017,2016,2024,2024-01-08,8,D-Link,DSL-2750B Devices,1
CVE-2023-41990,2023,2024,2024-01-08,1,Apple,Multiple Products,0
CVE-2023-27524,2023,2024,2024-01-08,1,Apache,Superset,0
CVE-2023-29300,2023,2024,2024-01-08,1,Adobe,ColdFusion,0
CVE-2023-38203,2023,2024,2024-01-08,1,Adobe,ColdFusion,0
CVE-2023-7101,2023,2024,2024-01-02,1,Spreadsheet::ParseExcel,Spreadsheet::ParseExcel,0
CVE-2023-7024,2023,2024,2024-01-02,1,Google,Chromium WebRTC,0
CVE-2023-49897,2023,2023,2023-12-21,0,FXC,"AE1021, AE1021PE",0
CVE-2023-47565,2023,2023,2023-12-21,0,QNAP,VioStor NVR,0
CVE-2023-6448,2023,2023,2023-12-11,0,Unitronics,Vision PLC and HMI,0
CVE-2023-41266,2023,2023,2023-12-07,0,Qlik,Sense,0
CVE-2023-41265,2023,2023,2023-12-07,0,Qlik,Sense,0
CVE-2023-33107,2023,2023,2023-12-05,0,Qualcomm,Multiple Chipsets,0
CVE-2023-33106,2023,2023,2023-12-05,0,Qualcomm,Multiple Chipsets,0
CVE-2023-33063,2023,2023,2023-12-05,0,Qualcomm,Multiple Chipsets,0
CVE-2022-22071,2022,2023,2023-12-05,1,Qualcomm,Multiple Chipsets,0
CVE-2023-42917,2023,2023,2023-12-04,0,Apple,Multiple Products,0
CVE-2023-42916,2023,2023,2023-12-04,0,Apple,Multiple Products,0
CVE-2023-6345,2023,2023,2023-11-30,0,Google,Chromium Skia,0
CVE-2023-49103,2023,2023,2023-11-30,0,ownCloud,ownCloud graphapi,0
CVE-2023-4911,2023,2023,2023-11-21,0,GNU,GNU C Library,0
CVE-2023-36584,2023,2023,2023-11-16,0,Microsoft,Windows,0
CVE-2023-1671,2023,2023,2023-11-16,0,Sophos,Web Appliance,1
CVE-2020-2551,2020,2023,2023-11-16,3,Oracle,Fusion Middleware,0
CVE-2023-36033,2023,2023,2023-11-14,0,Microsoft,Windows,0
CVE-2023-36025,2023,2023,2023-11-14,0,Microsoft,Windows,0
CVE-2023-36036,2023,2023,2023-11-14,0,Microsoft,Windows,0
CVE-2023-47246,2023,2023,2023-11-13,0,SysAid,SysAid Server,0
CVE-2023-36844,2023,2023,2023-11-13,0,Juniper,Junos OS,1
CVE-2023-36845,2023,2023,2023-11-13,0,Juniper,Junos OS,1
CVE-2023-36846,2023,2023,2023-11-13,0,Juniper,Junos OS,1
CVE-2023-36847,2023,2023,2023-11-13,0,Juniper,Junos OS,1
CVE-2023-36851,2023,2023,2023-11-13,0,Juniper,Junos OS,1
CVE-2023-29552,2023,2023,2023-11-08,0,IETF,Service Location Protocol (SLP),0
CVE-2023-22518,2023,2023,2023-11-07,0,Atlassian,Confluence Data Center and Server,0
CVE-2023-46604,2023,2023,2023-11-02,0,Apache,ActiveMQ,0
CVE-2023-46748,2023,2023,2023-10-31,0,F5,BIG-IP Configuration Utility,1
CVE-2023-46747,2023,2023,2023-10-31,0,F5,BIG-IP Configuration Utility,1
CVE-2023-5631,2023,2023,2023-10-26,0,Roundcube,Webmail,0
CVE-2023-20273,2023,2023,2023-10-23,0,Cisco,Cisco IOS XE Web UI,1
CVE-2023-4966,2023,2023,2023-10-18,0,Citrix,NetScaler ADC and NetScaler Gateway,1
CVE-2023-20198,2023,2023,2023-10-16,0,Cisco,IOS XE Web UI,1
CVE-2023-21608,2023,2023,2023-10-10,0,Adobe,Acrobat and Reader,0
CVE-2023-20109,2023,2023,2023-10-10,0,Cisco,IOS and IOS XE,1
CVE-2023-41763,2023,2023,2023-10-10,0,Microsoft,Skype for Business,0
CVE-2023-36563,2023,2023,2023-10-10,0,Microsoft,WordPad,0
CVE-2023-44487,2023,2023,2023-10-10,0,IETF,HTTP/2,0
CVE-2023-22515,2023,2023,2023-10-05,0,Atlassian,Confluence Data Center and Server,0
CVE-2023-40044,2023,2023,2023-10-05,0,Progress,WS_FTP Server,0
CVE-2023-42824,2023,2023,2023-10-05,0,Apple,iOS and iPadOS,0
CVE-2023-42793,2023,2023,2023-10-04,0,JetBrains,TeamCity,0
CVE-2023-28229,2023,2023,2023-10-04,0,Microsoft,Windows CNG Key Isolation Service,0
CVE-2023-4211,2023,2023,2023-10-03,0,Arm,Mali GPU Kernel Driver,0
CVE-2023-5217,2023,2023,2023-10-02,0,Google,Chromium libvpx,0
CVE-2018-14667,2018,2023,2023-09-28,5,Red Hat,JBoss RichFaces Framework,0
CVE-2023-41991,2023,2023,2023-09-25,0,Apple,Multiple Products,0
CVE-2023-41992,2023,2023,2023-09-25,0,Apple,Multiple Products,0
CVE-2023-41993,2023,2023,2023-09-25,0,Apple,Multiple Products,0
CVE-2023-41179,2023,2023,2023-09-21,0,Trend Micro,Apex One and Worry-Free Business Security,0
CVE-2023-28434,2023,2023,2023-09-19,0,MinIO,MinIO,0
CVE-2022-22265,2022,2023,2023-09-18,1,Samsung,Mobile Devices,0
CVE-2014-8361,2014,2023,2023-09-18,9,Realtek,SDK,0
CVE-2017-6884,2017,2023,2023-09-18,6,Zyxel,EMG2926 Routers,1
CVE-2021-3129,2021,2023,2023-09-18,2,Laravel,Ignition,0
CVE-2023-26369,2023,2023,2023-09-14,0,Adobe,Acrobat and Reader,0
CVE-2023-35674,2023,2023,2023-09-13,0,Android,Framework,0
CVE-2023-20269,2023,2023,2023-09-13,0,Cisco,Adaptive Security Appliance and Firepower Threat Defense,1
CVE-2023-4863,2023,2023,2023-09-13,0,Google,Chromium WebP,0
CVE-2023-36761,2023,2023,2023-09-12,0,Microsoft,Word,0
CVE-2023-36802,2023,2023,2023-09-12,0,Microsoft,Streaming Service Proxy,0
CVE-2023-41064,2023,2023,2023-09-11,0,Apple,"iOS, iPadOS, and macOS",0
CVE-2023-41061,2023,2023,2023-09-11,0,Apple,"iOS, iPadOS, and watchOS",0
CVE-2023-33246,2023,2023,2023-09-06,0,Apache,RocketMQ,0
CVE-2023-38831,2023,2023,2023-08-24,0,RARLAB,WinRAR,0
CVE-2023-32315,2023,2023,2023-08-24,0,Ignite Realtime,Openfire,0
CVE-2023-38035,2023,2023,2023-08-22,0,Ivanti,Sentry,1
CVE-2023-27532,2023,2023,2023-08-22,0,Veeam,Backup & Replication,0
CVE-2023-26359,2023,2023,2023-08-21,0,Adobe,ColdFusion,0
CVE-2023-24489,2023,2023,2023-08-16,0,Citrix,Content Collaboration,1
CVE-2023-38180,2023,2023,2023-08-09,0,Microsoft,.NET Core and Visual Studio,0
CVE-2017-18368,2017,2023,2023-08-07,6,Zyxel,P660HN-T1A Routers,1
CVE-2023-35081,2023,2023,2023-07-31,0,Ivanti,Endpoint Manager Mobile (EPMM),1
CVE-2023-37580,2023,2023,2023-07-27,0,Synacor,Zimbra Collaboration Suite (ZCS),0
CVE-2023-38606,2023,2023,2023-07-26,0,Apple,Multiple Products,0
CVE-2023-35078,2023,2023,2023-07-25,0,Ivanti,Endpoint Manager Mobile (EPMM),1
CVE-2023-29298,2023,2023,2023-07-20,0,Adobe,ColdFusion,0
CVE-2023-38205,2023,2023,2023-07-20,0,Adobe,ColdFusion,0
CVE-2023-3519,2023,2023,2023-07-19,0,Citrix,NetScaler ADC and NetScaler Gateway,1
CVE-2023-36884,2023,2023,2023-07-17,0,Microsoft,Windows,0
CVE-2022-29303,2022,2023,2023-07-13,1,SolarView,Compact,0
CVE-2023-37450,2023,2023,2023-07-13,0,Apple,Multiple Products,0
CVE-2023-32046,2023,2023,2023-07-11,0,Microsoft,Windows,0
CVE-2023-32049,2023,2023,2023-07-11,0,Microsoft,Windows,0
CVE-2023-35311,2023,2023,2023-07-11,0,Microsoft,Outlook,0
CVE-2023-36874,2023,2023,2023-07-11,0,Microsoft,Windows,0
CVE-2022-31199,2022,2023,2023-07-11,1,Netwrix,Auditor,0
CVE-2021-29256,2021,2023,2023-07-07,2,Arm,Mali Graphics Processing Unit (GPU),0
CVE-2019-17621,2019,2023,2023-06-29,4,D-Link,DIR-859 Router,1
CVE-2019-20500,2019,2023,2023-06-29,4,D-Link,DWL-2600AP Access Point,1
CVE-2021-25487,2021,2023,2023-06-29,2,Samsung,Mobile Devices,0
CVE-2021-25489,2021,2023,2023-06-29,2,Samsung,Mobile Devices,0
CVE-2021-25394,2021,2023,2023-06-29,2,Samsung,Mobile Devices,0
CVE-2021-25395,2021,2023,2023-06-29,2,Samsung,Mobile Devices,0
CVE-2021-25371,2021,2023,2023-06-29,2,Samsung,Mobile Devices,0
CVE-2021-25372,2021,2023,2023-06-29,2,Samsung,Mobile Devices,0
CVE-2023-32434,2023,2023,2023-06-23,0,Apple,Multiple Products,0
CVE-2023-32435,2023,2023,2023-06-23,0,Apple,Multiple Products,0
CVE-2023-32439,2023,2023,2023-06-23,0,Apple,Multiple Products,0
CVE-2023-20867,2023,2023,2023-06-23,0,VMware,Tools,0
CVE-2023-27992,2023,2023,2023-06-23,0,Zyxel,Multiple Network-Attached Storage (NAS) Devices,1
CVE-2023-20887,2023,2023,2023-06-22,0,VMware,Aria Operations for Networks,0
CVE-2020-35730,2020,2023,2023-06-22,3,Roundcube,Roundcube Webmail,0
CVE-2020-12641,2020,2023,2023-06-22,3,Roundcube,Roundcube Webmail,0
CVE-2021-44026,2021,2023,2023-06-22,2,Roundcube,Roundcube Webmail,0
CVE-2016-9079,2016,2023,2023-06-22,7,Mozilla,"Firefox, Firefox ESR, and Thunderbird",0
CVE-2016-0165,2016,2023,2023-06-22,7,Microsoft,Win32k,0
CVE-2023-27997,2023,2023,2023-06-13,0,Fortinet,FortiOS and FortiProxy SSL-VPN,1
CVE-2023-3079,2023,2023,2023-06-07,0,Google,Chromium V8,0
CVE-2023-33009,2023,2023,2023-06-05,0,Zyxel,Multiple Firewalls,1
CVE-2023-33010,2023,2023,2023-06-05,0,Zyxel,Multiple Firewalls,1
CVE-2023-34362,2023,2023,2023-06-02,0,Progress,MOVEit Transfer,0
CVE-2023-28771,2023,2023,2023-05-31,0,Zyxel,Multiple Firewalls,1
CVE-2023-2868,2023,2023,2023-05-26,0,Barracuda Networks,Email Security Gateway (ESG) Appliance,0
CVE-2023-32409,2023,2023,2023-05-22,0,Apple,Multiple Products,0
CVE-2023-28204,2023,2023,2023-05-22,0,Apple,Multiple Products,0
CVE-2023-32373,2023,2023,2023-05-22,0,Apple,Multiple Products,0
CVE-2004-1464,2004,2023,2023-05-19,19,Cisco,IOS,1
CVE-2016-6415,2016,2023,2023-05-19,7,Cisco,"IOS, IOS XR, and IOS XE",1
CVE-2023-21492,2023,2023,2023-05-19,0,Samsung,Mobile Devices,0
CVE-2023-25717,2023,2023,2023-05-12,0,Ruckus Wireless,Multiple Products,0
CVE-2021-3560,2021,2023,2023-05-12,2,Red Hat,Polkit,0
CVE-2014-0196,2014,2023,2023-05-12,9,Linux,Kernel,0
CVE-2010-3904,2010,2023,2023-05-12,13,Linux,Kernel,0
CVE-2015-5317,2015,2023,2023-05-12,8,Jenkins,Jenkins User Interface (UI),0
CVE-2016-3427,2016,2023,2023-05-12,7,Oracle,Java SE and JRockit,0
CVE-2016-8735,2016,2023,2023-05-12,7,Apache,Tomcat,0
CVE-2023-29336,2023,2023,2023-05-09,0,Microsoft,Win32k,0
CVE-2023-1389,2023,2023,2023-05-01,0,TP-Link,Archer AX21,1
CVE-2021-45046,2021,2023,2023-05-01,2,Apache,Log4j2,0
CVE-2023-21839,2023,2023,2023-05-01,0,Oracle,WebLogic Server,0
CVE-2023-28432,2023,2023,2023-04-21,0,MinIO,MinIO,0
CVE-2023-27350,2023,2023,2023-04-21,0,PaperCut,MF/NG,0
CVE-2023-2136,2023,2023,2023-04-21,0,Google,Chromium Skia,0
CVE-2017-6742,2017,2023,2023-04-19,6,Cisco,IOS and IOS XE Software,1
CVE-2019-8526,2019,2023,2023-04-17,4,Apple,macOS,0
CVE-2023-2033,2023,2023,2023-04-17,0,Google,Chromium V8,0
CVE-2023-20963,2023,2023,2023-04-13,0,Android,Framework,0
CVE-2023-29492,2023,2023,2023-04-13,0,Novi Survey,Novi Survey,0
CVE-2023-28252,2023,2023,2023-04-11,0,Microsoft,Windows,0
CVE-2023-28205,2023,2023,2023-04-10,0,Apple,Multiple Products,0
CVE-2023-28206,2023,2023,2023-04-10,0,Apple,"iOS, iPadOS, and macOS",0
CVE-2021-27876,2021,2023,2023-04-07,2,Veritas,Backup Exec Agent,0
CVE-2021-27877,2021,2023,2023-04-07,2,Veritas,Backup Exec Agent,0
CVE-2021-27878,2021,2023,2023-04-07,2,Veritas,Backup Exec Agent,0
CVE-2019-1388,2019,2023,2023-04-07,4,Microsoft,Windows,0
CVE-2023-26083,2023,2023,2023-04-07,0,Arm,Mali Graphics Processing Unit (GPU),0
CVE-2022-27926,2022,2023,2023-04-03,1,Synacor,Zimbra Collaboration Suite (ZCS),0
CVE-2013-3163,2013,2023,2023-03-30,10,Microsoft,Internet Explorer,0
CVE-2017-7494,2017,2023,2023-03-30,6,Samba,Samba,0
CVE-2022-42948,2022,2023,2023-03-30,1,Fortra,Cobalt Strike,0
CVE-2022-39197,2022,2023,2023-03-30,1,Fortra,Cobalt Strike,0
CVE-2021-30900,2021,2023,2023-03-30,2,Apple,"iOS, iPadOS, and macOS",0
CVE-2022-38181,2022,2023,2023-03-30,1,Arm,Mali Graphics Processing Unit (GPU),0
CVE-2023-0266,2023,2023,2023-03-30,0,Linux,Kernel,0
CVE-2022-3038,2022,2023,2023-03-30,1,Google,Chromium Network Service,0
CVE-2022-22706,2022,2023,2023-03-30,1,Arm,Mali Graphics Processing Unit (GPU),0
CVE-2023-26360,2023,2023,2023-03-15,0,Adobe,ColdFusion,0
CVE-2023-23397,2023,2023,2023-03-14,0,Microsoft,Office,0
CVE-2023-24880,2023,2023,2023-03-14,0,Microsoft,Windows,0
CVE-2022-41328,2022,2023,2023-03-14,1,Fortinet,FortiOS,1
CVE-2021-39144,2021,2023,2023-03-10,2,XStream,XStream,0
CVE-2020-5741,2020,2023,2023-03-10,3,Plex,Media Server,0
CVE-2022-28810,2022,2023,2023-03-07,1,Zoho,ManageEngine,0
CVE-2022-33891,2022,2023,2023-03-07,1,Apache,Spark,0
CVE-2022-35914,2022,2023,2023-03-07,1,Teclib,GLPI,0
CVE-2022-36537,2022,2023,2023-02-27,1,ZK Framework,AuUploader,0
CVE-2022-47986,2022,2023,2023-02-21,1,IBM,Aspera Faspex,0
CVE-2022-41223,2022,2023,2023-02-21,1,Mitel,MiVoice Connect,0
CVE-2022-40765,2022,2023,2023-02-21,1,Mitel,MiVoice Connect,0
CVE-2022-46169,2022,2023,2023-02-16,1,Cacti,Cacti,0
CVE-2023-21715,2023,2023,2023-02-14,0,Microsoft,Office,0
CVE-2023-23376,2023,2023,2023-02-14,0,Microsoft,Windows,0
CVE-2023-23529,2023,2023,2023-02-14,0,Apple,Multiple Products,0
CVE-2023-21823,2023,2023,2023-02-14,0,Microsoft,Windows,0
CVE-2015-2291,2015,2023,2023-02-10,8,Intel,Ethernet Diagnostics Driver for Windows,0
CVE-2022-24990,2022,2023,2023-02-10,1,TerraMaster,TerraMaster OS,0
CVE-2023-0669,2023,2023,2023-02-10,0,Fortra,GoAnywhere MFT,0
CVE-2022-21587,2022,2023,2023-02-02,1,Oracle,E-Business Suite,0
CVE-2023-22952,2023,2023,2023-02-02,0,SugarCRM,Multiple Products,0
CVE-2017-11357,2017,2023,2023-01-26,6,Telerik,User Interface (UI) for ASP.NET AJAX,0
CVE-2022-47966,2022,2023,2023-01-23,1,Zoho,ManageEngine,0
CVE-2022-44877,2022,2023,2023-01-17,1,CWP,Control Web Panel,0
CVE-2022-41080,2022,2023,2023-01-10,1,Microsoft,Exchange Server,0
CVE-2023-21674,2023,2023,2023-01-10,0,Microsoft,Windows,0
