consulta,ingenuo,escalera,anclado,rotado,real
1,50.685,50.1,50.0,50.0,49.952
2,51.07,50.65,50.0,50.0,49.939
3,51.525,51.1,50.0,50.0,49.896
4,51.94,51.4,50.0,50.0,50.057
5,52.05,51.5,50.0,50.0,50.031
6,52.175,51.65,50.0,50.0,50.03
7,52.225,51.65,50.0,50.0,50.069
8,52.41,51.8,50.0,50.0,49.991
9,52.83,52.0,50.0,50.0,49.911
10,52.865,52.0,50.0,50.0,49.959
11,52.96,52.05,50.0,50.0,49.943
12,53.205,52.2,50.0,50.0,49.96
13,53.325,52.25,50.0,50.0,49.964
14,53.38,52.25,50.0,50.0,49.969
15,53.505,52.35,50.0,50.0,50.001
16,53.56,52.35,50.0,50.0,50.034
17,53.58,52.45,50.0,50.0,49.986
18,53.58,52.45,50.0,50.0,50.036
19,53.635,52.45,50.0,50.0,50.012
20,53.72,52.5,50.0,50.0,49.994
21,53.835,52.5,50.0,50.0,49.993
22,53.835,52.5,50.0,50.0,50.006
23,53.89,52.65,50.0,50.0,50.047
24,54.025,52.9,50.0,50.0,50.03
25,54.29,52.9,50.0,50.0,50.043
26,54.305,52.9,50.0,50.0,50.031
27,54.37,52.9,50.0,50.0,49.98
28,54.4,52.9,50.0,50.0,49.989
29,54.51,52.95,50.0,50.0,49.963
30,54.58,52.95,50.0,50.0,49.99
31,54.62,52.95,50.0,50.0,49.984
32,54.64,52.95,50.0,50.0,50.041
33,54.65,52.95,50.0,50.0,50.05
34,54.67,52.95,50.0,50.0,50.05
35,54.825,52.95,50.0,50.0,50.05
36,54.935,52.95,50.0,50.0,50.037
37,54.97,52.95,50.0,50.0,50.098
38,54.97,53.0,50.0,50.0,50.069
39,55.11,53.1,50.0,50.0,50.03
40,55.19,53.1,50.0,50.0,50.116
41,55.215,53.1,50.0,50.0,50.039
42,55.285,53.1,50.0,50.0,50.019
43,55.34,53.1,50.0,50.0,50.057
44,55.365,53.1,50.0,50.0,50.065
45,55.435,53.2,50.0,50.0,50.108
46,55.495,53.2,50.0,50.0,50.124
47,55.58,53.25,50.0,50.0,50.024
48,55.595,53.25,50.0,50.0,50.052
49,55.66,53.25,50.0,50.0,50.057
50,55.69,53.25,50.0,50.0,50.038
51,55.805,53.25,50.0,50.0,50.001
52,55.87,53.25,50.0,50.0,50.016
53,55.95,53.25,50.0,50.0,49.958
54,55.995,53.25,50.0,50.0,49.961
55,56.09,53.35,50.0,50.0,49.949
56,56.165,53.35,50.0,50.0,49.916
57,56.195,53.35,50.0,50.0,49.912
58,56.195,53.35,50.0,50.0,49.908
59,56.195,53.35,50.0,50.0,49.944
60,56.24,53.35,50.0,50.0,49.959
61,56.295,53.35,50.0,50.0,49.959
62,56.375,53.4,50.0,50.0,49.937
63,56.405,53.4,50.0,50.0,49.966
64,56.415,53.4,50.0,50.0,49.988
65,56.48,53.4,50.0,50.0,49.974
66,56.5,53.4,50.0,50.0,49.979
67,56.565,53.4,50.0,50.0,49.927
68,56.69,53.4,50.0,50.0,49.926
69,56.71,53.4,50.0,50.0,49.92
70,56.71,53.4,50.0,50.0,49.908
71,56.73,53.4,50.0,50.0,49.916
72,56.79,53.4,50.0,50.0,49.948
73,56.805,53.4,50.0,50.0,49.942
74,56.915,53.4,50.0,50.0,49.941
75,57.025,53.4,50.0,50.0,49.963
76,57.04,53.4,50.0,50.0,49.95
77,57.07,53.4,50.0,50.0,49.95
78,57.105,53.4,50.0,50.0,49.974
79,57.105,53.4,50.0,50.0,49.978
80,57.185,53.4,50.0,50.0,49.996
81,57.185,53.4,50.0,50.0,49.972
82,57.19,53.4,50.0,50.0,49.986
83,57.21,53.4,50.0,50.0,49.944
84,57.295,53.4,50.0,50.0,49.943
85,57.39,53.4,50.0,50.0,49.934
86,57.505,53.4,50.0,50.0,49.91
87,57.52,53.4,50.0,50.0,49.916
88,57.565,53.4,50.0,50.0,49.94
89,57.565,53.4,50.0,50.0,49.925
90,57.585,53.4,50.0,50.0,49.957
91,57.615,53.4,50.0,50.0,49.982
92,57.645,53.4,50.0,50.0,49.931
93,57.68,53.4,50.0,50.0,49.971
94,57.73,53.45,50.0,50.0,50.004
95,57.81,53.45,50.0,50.0,49.961
96,57.85,53.45,50.0,50.0,49.954
97,57.88,53.55,50.0,50.0,50.002
98,57.98,53.55,50.0,50.0,50.054
99,58.015,53.65,50.0,50.0,50.058
100,58.09,53.65,50.495,50.8,49.994
101,58.145,53.65,50.495,50.8,50.004
102,58.205,53.75,50.495,50.8,50.036
103,58.25,53.75,50.495,50.8,50.071
104,58.275,53.75,50.495,50.8,50.035
105,58.275,53.75,50.495,50.8,50.033
106,58.275,53.75,50.495,50.8,49.979
107,58.275,53.75,50.495,50.8,50.012
108,58.335,53.75,50.495,50.8,50.016
109,58.36,53.75,50.495,50.8,50.064
110,58.375,53.75,50.495,50.8,50.049
111,58.375,53.85,50.495,50.8,49.991
112,58.385,53.85,50.495,50.8,50.031
113,58.385,53.85,50.495,50.8,50.012
114,58.455,53.85,50.495,50.8,50.06
115,58.47,53.85,50.495,50.8,50.051
116,58.615,53.85,50.495,50.8,50.01
117,58.62,53.85,50.495,50.8,50.019
118,58.655,53.85,50.495,50.8,49.993
119,58.655,53.85,50.495,50.8,50.011
120,58.73,53.85,50.495,50.8,49.999
121,58.78,53.85,50.495,50.8,50.019
122,58.84,53.85,50.495,50.8,49.991
123,58.865,53.85,50.495,50.8,49.966
124,58.885,53.85,50.495,50.8,49.987
125,58.92,53.85,50.495,50.8,49.985
126,58.92,53.85,50.495,50.8,50.008
127,58.93,53.9,50.495,50.8,50.0
128,58.94,53.9,50.495,50.8,50.004
129,58.98,53.9,50.495,50.8,50.034
130,59.1,53.9,50.495,50.8,50.034
131,59.125,53.9,50.495,50.8,50.027
132,59.15,53.9,50.495,50.8,50.022
133,59.2,53.9,50.495,50.8,49.985
134,59.22,53.9,50.495,50.8,49.973
135,59.22,53.9,50.495,50.8,49.99
136,59.245,53.9,50.495,50.8,49.986
137,59.26,53.9,50.495,50.8,50.005
138,59.275,53.9,50.495,50.8,50.033
139,59.285,53.9,50.495,50.8,50.02
140,59.295,53.9,50.495,50.8,50.029
141,59.305,53.9,50.495,50.8,49.996
142,59.325,53.9,50.495,50.8,50.005
143,59.325,53.9,50.495,50.8,49.992
144,59.345,53.9,50.495,50.8,50.013
145,59.345,53.9,50.495,50.8,50.002
146,59.4,53.9,50.495,50.8,49.998
147,59.45,53.9,50.495,50.8,50.016
148,59.455,53.9,50.495,50.8,50.004
149,59.5,53.9,50.495,50.8,49.989
150,59.505,53.9,50.495,50.8,49.972
151,59.55,53.9,50.495,50.8,49.977
152,59.58,53.9,50.495,50.8,49.984
153,59.58,53.9,50.495,50.8,49.934
154,59.615,53.9,50.495,50.8,49.939
155,59.62,53.9,50.495,50.8,49.964
156,59.665,53.9,50.495,50.8,49.944
157,59.735,53.9,50.495,50.8,49.922
158,59.79,53.9,50.495,50.8,49.919
159,59.84,53.9,50.495,50.8,49.92
160,59.855,53.9,50.495,50.8,49.928
161,59.865,53.9,50.495,50.8,49.888
162,59.875,53.9,50.495,50.8,49.888
163,59.915,53.9,50.495,50.8,49.918
164,59.96,53.9,50.495,50.8,49.925
165,60.005,53.9,50.495,50.8,49.933
166,60.035,53.9,50.495,50.8,49.919
167,60.07,53.9,50.495,50.8,49.9
168,60.075,53.9,50.495,50.8,49.921
169,60.08,53.9,50.495,50.8,49.899
170,60.09,53.9,50.495,50.8,49.893
171,60.11,53.9,50.495,50.8,49.887
172,60.11,53.9,50.495,50.8,49.878
173,60.185,53.9,50.495,50.8,49.913
174,60.335,53.9,50.495,50.8,49.914
175,60.36,53.9,50.495,50.8,49.903
176,60.36,53.9,50.495,50.8,49.914
177,60.36,53.9,50.495,50.8,49.922
178,60.37,53.9,50.495,50.8,49.913
179,60.385,53.9,50.495,50.8,49.886
180,60.385,53.9,50.495,50.8,49.89
181,60.385,53.9,50.495,50.8,49.892
182,60.46,53.9,50.495,50.8,49.898
183,60.48,53.9,50.495,50.8,49.882
184,60.52,53.9,50.495,50.8,49.883
185,60.52,53.9,50.495,50.8,49.902
186,60.555,54.0,50.495,50.8,49.879
187,60.62,54.0,50.495,50.8,49.86
188,60.62,54.0,50.495,50.8,49.87
189,60.655,54.0,50.495,50.8,49.862
190,60.655,54.0,50.495,50.8,49.854
191,60.66,54.0,50.495,50.8,49.897
192,60.685,54.0,50.495,50.8,49.885
193,60.7,54.0,50.495,50.8,49.897
194,60.74,54.0,50.495,50.8,49.913
195,60.77,54.0,50.495,50.8,49.908
196,60.77,54.0,50.495,50.8,49.914
197,60.77,54.0,50.495,50.8,49.942
198,60.86,54.0,50.495,50.8,49.928
199,60.9,54.0,50.495,50.8,49.926
200,60.9,54.0,50.56,57.16,49.945
201,60.92,54.0,50.56,57.16,49.927
202,60.92,54.0,50.56,57.16,49.958
203,60.92,54.0,50.56,57.16,49.913
204,60.94,54.0,50.56,57.16,49.902
205,60.94,54.0,50.56,57.16,49.949
206,60.995,54.0,50.56,57.16,49.963
207,61.03,54.0,50.56,57.16,49.938
208,61.085,54.0,50.56,57.16,49.917
209,61.105,54.0,50.56,57.16,49.969
210,61.155,54.0,50.56,57.16,49.971
211,61.215,54.0,50.56,57.16,49.965
212,61.22,54.0,50.56,57.16,49.943
213,61.265,54.0,50.56,57.16,49.948
214,61.27,54.0,50.56,57.16,49.968
215,61.32,54.0,50.56,57.16,49.953
216,61.36,54.05,50.56,57.16,49.981
217,61.4,54.05,50.56,57.16,49.967
218,61.4,54.05,50.56,57.16,49.955
219,61.43,54.05,50.56,57.16,49.932
220,61.465,54.05,50.56,57.16,49.938
221,61.495,54.05,50.56,57.16,49.942
222,61.52,54.05,50.56,57.16,49.923
223,61.525,54.05,50.56,57.16,49.893
224,61.525,54.05,50.56,57.16,49.911
225,61.53,54.05,50.56,57.16,49.896
226,61.585,54.05,50.56,57.16,49.901
227,61.585,54.05,50.56,57.16,49.936
228,61.595,54.05,50.56,57.16,49.953
229,61.65,54.05,50.56,57.16,49.93
230,61.66,54.05,50.56,57.16,49.926
231,61.69,54.05,50.56,57.16,49.956
232,61.695,54.05,50.56,57.16,49.958
233,61.695,54.05,50.56,57.16,49.953
234,61.735,54.05,50.56,57.16,49.946
235,61.74,54.05,50.56,57.16,49.953
236,61.77,54.05,50.56,57.16,49.999
237,61.79,54.05,50.56,57.16,49.981
238,61.845,54.05,50.56,57.16,49.984
239,61.875,54.05,50.56,57.16,49.986
240,61.93,54.05,50.56,57.16,49.98
241,61.95,54.05,50.56,57.16,49.984
242,61.96,54.05,50.56,57.16,49.98
243,61.965,54.05,50.56,57.16,49.983
244,61.965,54.05,50.56,57.16,49.972
245,61.99,54.05,50.56,57.16,49.997
246,62.02,54.05,50.56,57.16,49.982
247,62.025,54.05,50.56,57.16,49.998
248,62.025,54.05,50.56,57.16,50.018
249,62.03,54.05,50.56,57.16,49.978
250,62.065,54.05,50.56,57.16,49.99
251,62.065,54.05,50.56,57.16,49.994
252,62.115,54.05,50.56,57.16,50.0
253,62.115,54.05,50.56,57.16,50.014
254,62.14,54.05,50.56,57.16,50.033
255,62.18,54.05,50.56,57.16,50.011
256,62.225,54.05,50.56,57.16,50.052
257,62.225,54.05,50.56,57.16,50.046
258,62.23,54.05,50.56,57.16,50.015
259,62.265,54.05,50.56,57.16,50.027
260,62.275,54.05,50.56,57.16,50.04
261,62.3,54.05,50.56,57.16,50.014
262,62.3,54.05,50.56,57.16,50.013
263,62.345,54.05,50.56,57.16,50.0
264,62.37,54.05,50.56,57.16,49.989
265,62.405,54.05,50.56,57.16,50.0
266,62.46,54.05,50.56,57.16,50.002
267,62.46,54.05,50.56,57.16,49.974
268,62.46,54.05,50.56,57.16,49.977
269,62.465,54.05,50.56,57.16,49.977
270,62.48,54.05,50.56,57.16,50.027
271,62.54,54.05,50.56,57.16,50.015
272,62.57,54.05,50.56,57.16,50.018
273,62.58,54.05,50.56,57.16,50.027
274,62.66,54.05,50.56,57.16,49.995
275,62.66,54.05,50.56,57.16,50.043
276,62.74,54.05,50.56,57.16,50.053
277,62.765,54.05,50.56,57.16,50.044
278,62.785,54.05,50.56,57.16,50.022
279,62.785,54.05,50.56,57.16,49.999
280,62.805,54.05,50.56,57.16,50.041
281,62.875,54.05,50.56,57.16,50.015
282,62.88,54.05,50.56,57.16,50.052
283,62.95,54.05,50.56,57.16,50.018
284,62.955,54.05,50.56,57.16,50.034
285,62.96,54.05,50.56,57.16,50.049
286,62.995,54.05,50.56,57.16,50.046
287,63.005,54.05,50.56,57.16,50.058
288,63.015,54.05,50.56,57.16,50.058
289,63.07,54.05,50.56,57.16,50.057
290,63.11,54.05,50.56,57.16,50.036
291,63.12,54.05,50.56,57.16,50.03
292,63.145,54.05,50.56,57.16,50.021
293,63.145,54.05,50.56,57.16,50.04
294,63.18,54.05,50.56,57.16,50.025
295,63.2,54.05,50.56,57.16,50.047
296,63.225,54.05,50.56,57.16,50.055
297,63.225,54.05,50.56,57.16,50.058
298,63.225,54.05,50.56,57.16,50.022
299,63.225,54.05,50.56,57.16,50.027
300,63.235,54.05,49.93,56.3,50.0
301,63.245,54.05,49.93,56.3,50.031
302,63.26,54.05,49.93,56.3,50.005
303,63.26,54.05,49.93,56.3,49.988
304,63.27,54.05,49.93,56.3,50.001
305,63.27,54.05,49.93,56.3,50.027
306,63.275,54.05,49.93,56.3,49.983
307,63.31,54.05,49.93,56.3,49.958
308,63.36,54.05,49.93,56.3,49.984
309,63.37,54.05,49.93,56.3,49.99
310,63.37,54.05,49.93,56.3,50.009
311,63.37,54.05,49.93,56.3,49.996
312,63.37,54.05,49.93,56.3,50.014
313,63.405,54.05,49.93,56.3,50.043
314,63.41,54.05,49.93,56.3,50.003
315,63.46,54.05,49.93,56.3,50.027
316,63.46,54.05,49.93,56.3,50.017
317,63.46,54.05,49.93,56.3,50.039
318,63.475,54.05,49.93,56.3,50.058
319,63.48,54.05,49.93,56.3,50.094
320,63.48,54.05,49.93,56.3,50.077
321,63.535,54.05,49.93,56.3,50.04
322,63.54,54.05,49.93,56.3,50.052
323,63.565,54.05,49.93,56.3,50.038
324,63.61,54.05,49.93,56.3,50.058
325,63.615,54.05,49.93,56.3,50.055
326,63.64,54.05,49.93,56.3,50.047
327,63.655,54.05,49.93,56.3,50.041
328,63.695,54.05,49.93,56.3,50.034
329,63.73,54.05,49.93,56.3,50.011
330,63.765,54.05,49.93,56.3,50.04
331,63.785,54.05,49.93,56.3,50.033
332,63.815,54.05,49.93,56.3,50.046
333,63.815,54.05,49.93,56.3,50.01
334,63.835,54.05,49.93,56.3,50.019
335,63.845,54.05,49.93,56.3,50.012
336,63.845,54.05,49.93,56.3,49.998
337,63.845,54.05,49.93,56.3,49.998
338,63.865,54.05,49.93,56.3,49.99
339,63.875,54.05,49.93,56.3,49.988
340,63.875,54.05,49.93,56.3,50.023
341,63.875,54.05,49.93,56.3,50.04
342,63.915,54.05,49.93,56.3,50.023
343,63.95,54.05,49.93,56.3,49.991
344,63.95,54.05,49.93,56.3,50.048
345,63.975,54.05,49.93,56.3,50.041
346,64.01,54.05,49.93,56.3,50.031
347,64.015,54.05,49.93,56.3,50.044
348,64.015,54.05,49.93,56.3,50.074
349,64.015,54.05,49.93,56.3,50.058
350,64.015,54.05,49.93,56.3,50.04
351,64.015,54.05,49.93,56.3,50.057
352,64.025,54.1,49.93,56.3,50.052
353,64.03,54.1,49.93,56.3,50.025
354,64.03,54.1,49.93,56.3,50.052
355,64.03,54.1,49.93,56.3,50.059
356,64.05,54.1,49.93,56.3,50.06
357,64.085,54.1,49.93,56.3,50.043
358,64.095,54.1,49.93,56.3,50.015
359,64.11,54.1,49.93,56.3,50.045
360,64.13,54.1,49.93,56.3,50.033
361,64.155,54.1,49.93,56.3,50.026
362,64.155,54.1,49.93,56.3,50.04
363,64.175,54.1,49.93,56.3,50.016
364,64.23,54.1,49.93,56.3,50.028
365,64.3,54.1,49.93,56.3,50.035
366,64.3,54.1,49.93,56.3,50.06
367,64.355,54.1,49.93,56.3,50.029
368,64.355,54.1,49.93,56.3,50.048
369,64.41,54.1,49.93,56.3,50.036
370,64.435,54.1,49.93,56.3,50.031
371,64.435,54.1,49.93,56.3,50.037
372,64.465,54.1,49.93,56.3,50.053
373,64.48,54.1,49.93,56.3,50.019
374,64.515,54.1,49.93,56.3,50.026
375,64.54,54.2,49.93,56.3,50.021
376,64.545,54.2,49.93,56.3,50.054
377,64.55,54.2,49.93,56.3,50.091
378,64.565,54.2,49.93,56.3,50.122
379,64.595,54.2,49.93,56.3,50.119
380,64.6,54.2,49.93,56.3,50.103
381,64.615,54.2,49.93,56.3,50.1
382,64.715,54.2,49.93,56.3,50.099
383,64.72,54.25,49.93,56.3,50.116
384,64.73,54.25,49.93,56.3,50.101
385,64.73,54.25,49.93,56.3,50.07
386,64.735,54.25,49.93,56.3,50.06
387,64.75,54.25,49.93,56.3,50.054
388,64.75,54.25,49.93,56.3,50.054
389,64.8,54.25,49.93,56.3,50.057
390,64.8,54.25,49.93,56.3,50.071
391,64.835,54.25,49.93,56.3,50.069
392,64.845,54.25,49.93,56.3,50.055
393,64.85,54.25,49.93,56.3,50.049
394,64.865,54.25,49.93,56.3,50.039
395,64.91,54.25,49.93,56.3,50.056
396,64.92,54.25,49.93,56.3,50.058
397,64.95,54.25,49.93,56.3,50.063
398,64.96,54.25,49.93,56.3,50.052
399,64.98,54.25,49.93,56.3,50.032
400,64.99,54.25,49.41,59.65,50.028
401,64.99,54.25,49.41,59.65,50.041
402,64.995,54.25,49.41,59.65,50.066
403,65.02,54.25,49.41,59.65,50.06
404,65.055,54.25,49.41,59.65,50.061
405,65.065,54.25,49.41,59.65,50.057
406,65.065,54.25,49.41,59.65,50.062
407,65.08,54.25,49.41,59.65,50.047
408,65.105,54.25,49.41,59.65,50.077
409,65.11,54.25,49.41,59.65,50.076
410,65.14,54.25,49.41,59.65,50.048
411,65.14,54.25,49.41,59.65,50.045
412,65.14,54.25,49.41,59.65,50.041
413,65.17,54.25,49.41,59.65,50.056
414,65.185,54.25,49.41,59.65,50.066
415,65.185,54.25,49.41,59.65,50.052
416,65.21,54.25,49.41,59.65,50.046
417,65.22,54.25,49.41,59.65,50.079
418,65.225,54.25,49.41,59.65,50.058
419,65.225,54.25,49.41,59.65,50.043
420,65.225,54.25,49.41,59.65,50.049
421,65.24,54.25,49.41,59.65,50.029
422,65.25,54.25,49.41,59.65,50.021
423,65.25,54.25,49.41,59.65,50.006
424,65.26,54.25,49.41,59.65,50.016
425,65.265,54.25,49.41,59.65,50.007
426,65.33,54.25,49.41,59.65,50.003
427,65.33,54.25,49.41,59.65,50.009
428,65.33,54.25,49.41,59.65,49.995
429,65.34,54.25,49.41,59.65,50.024
430,65.36,54.25,49.41,59.65,50.07
431,65.39,54.25,49.41,59.65,50.011
432,65.39,54.35,49.41,59.65,50.02
433,65.425,54.35,49.41,59.65,50.028
434,65.435,54.35,49.41,59.65,50.011
435,65.455,54.35,49.41,59.65,50.004
436,65.54,54.35,49.41,59.65,49.999
437,65.54,54.35,49.41,59.65,50.021
438,65.6,54.35,49.41,59.65,49.986
439,65.605,54.35,49.41,59.65,50.025
440,65.605,54.35,49.41,59.65,50.04
441,65.645,54.35,49.41,59.65,50.058
442,65.645,54.35,49.41,59.65,50.038
443,65.65,54.35,49.41,59.65,50.043
444,65.65,54.35,49.41,59.65,50.044
445,65.65,54.35,49.41,59.65,50.029
446,65.685,54.35,49.41,59.65,50.054
447,65.715,54.35,49.41,59.65,50.064
448,65.715,54.35,49.41,59.65,50.07
449,65.715,54.35,49.41,59.65,50.078
450,65.74,54.35,49.41,59.65,50.075
451,65.74,54.35,49.41,59.65,50.039
452,65.75,54.35,49.41,59.65,50.043
453,65.75,54.35,49.41,59.65,50.061
454,65.755,54.35,49.41,59.65,50.067
455,65.765,54.35,49.41,59.65,50.023
456,65.765,54.35,49.41,59.65,50.042
457,65.81,54.35,49.41,59.65,50.038
458,65.845,54.45,49.41,59.65,50.046
459,65.85,54.45,49.41,59.65,50.069
460,65.87,54.45,49.41,59.65,50.063
461,65.9,54.45,49.41,59.65,50.081
462,65.915,54.45,49.41,59.65,50.075
463,65.95,54.45,49.41,59.65,50.064
464,65.955,54.45,49.41,59.65,50.067
465,65.975,54.45,49.41,59.65,50.09
466,66.005,54.45,49.41,59.65,50.083
467,66.005,54.45,49.41,59.65,50.105
468,66.03,54.45,49.41,59.65,50.113
469,66.045,54.45,49.41,59.65,50.107
470,66.08,54.5,49.41,59.65,50.085
471,66.08,54.5,49.41,59.65,50.099
472,66.08,54.5,49.41,59.65,50.078
473,66.105,54.5,49.41,59.65,50.055
474,66.105,54.5,49.41,59.65,50.06
475,66.11,54.5,49.41,59.65,50.074
476,66.115,54.5,49.41,59.65,50.071
477,66.165,54.5,49.41,59.65,50.073
478,66.175,54.5,49.41,59.65,50.093
479,66.175,54.5,49.41,59.65,50.06
480,66.175,54.5,49.41,59.65,50.067
481,66.175,54.5,49.41,59.65,50.064
482,66.21,54.5,49.41,59.65,50.064
483,66.225,54.5,49.41,59.65,50.084
484,66.23,54.5,49.41,59.65,50.09
485,66.255,54.5,49.41,59.65,50.091
486,66.295,54.5,49.41,59.65,50.076
487,66.3,54.5,49.41,59.65,50.094
488,66.315,54.5,49.41,59.65,50.063
489,66.34,54.5,49.41,59.65,50.075
490,66.38,54.5,49.41,59.65,50.069
491,66.395,54.5,49.41,59.65,50.061
492,66.395,54.5,49.41,59.65,50.077
493,66.395,54.5,49.41,59.65,50.078
494,66.4,54.5,49.41,59.65,50.07
495,66.4,54.5,49.41,59.65,50.087
496,66.415,54.5,49.41,59.65,50.091
497,66.46,54.5,49.41,59.65,50.117
498,66.48,54.5,49.41,59.65,50.095
499,66.48,54.5,49.41,59.65,50.088
500,66.5,54.5,49.585,59.66,50.11
501,66.5,54.5,49.585,59.66,50.117
502,66.525,54.5,49.585,59.66,50.069
503,66.55,54.5,49.585,59.66,50.084
504,66.58,54.5,49.585,59.66,50.059
505,66.58,54.6,49.585,59.66,50.073
506,66.58,54.6,49.585,59.66,50.042
507,66.605,54.6,49.585,59.66,50.071
508,66.615,54.6,49.585,59.66,50.049
509,66.615,54.6,49.585,59.66,50.065
510,66.615,54.6,49.585,59.66,50.057
511,66.615,54.6,49.585,59.66,50.057
512,66.615,54.6,49.585,59.66,50.063
513,66.615,54.6,49.585,59.66,50.079
514,66.625,54.6,49.585,59.66,50.088
515,66.635,54.6,49.585,59.66,50.099
516,66.635,54.6,49.585,59.66,50.099
517,66.66,54.6,49.585,59.66,50.088
518,66.66,54.6,49.585,59.66,50.093
519,66.66,54.6,49.585,59.66,50.067
520,66.685,54.6,49.585,59.66,50.081
521,66.695,54.6,49.585,59.66,50.06
522,66.715,54.6,49.585,59.66,50.07
523,66.76,54.6,49.585,59.66,50.084
524,66.76,54.6,49.585,59.66,50.109
525,66.795,54.6,49.585,59.66,50.134
526,66.805,54.6,49.585,59.66,50.099
527,66.82,54.6,49.585,59.66,50.102
528,66.82,54.6,49.585,59.66,50.118
529,66.82,54.6,49.585,59.66,50.101
530,66.825,54.6,49.585,59.66,50.099
531,66.825,54.6,49.585,59.66,50.095
532,66.825,54.6,49.585,59.66,50.104
533,66.85,54.6,49.585,59.66,50.118
534,66.875,54.6,49.585,59.66,50.115
535,66.885,54.6,49.585,59.66,50.101
536,66.885,54.6,49.585,59.66,50.085
537,66.895,54.6,49.585,59.66,50.095
538,66.91,54.6,49.585,59.66,50.083
539,66.955,54.6,49.585,59.66,50.079
540,66.965,54.6,49.585,59.66,50.091
541,66.98,54.6,49.585,59.66,50.059
542,67.0,54.6,49.585,59.66,50.097
543,67.0,54.6,49.585,59.66,50.098
544,67.07,54.6,49.585,59.66,50.1
545,67.105,54.6,49.585,59.66,50.1
546,67.105,54.6,49.585,59.66,50.098
547,67.115,54.6,49.585,59.66,50.082
548,67.14,54.6,49.585,59.66,50.052
549,67.14,54.6,49.585,59.66,50.05
550,67.155,54.6,49.585,59.66,50.07
551,67.195,54.6,49.585,59.66,50.046
552,67.2,54.6,49.585,59.66,50.062
553,67.235,54.6,49.585,59.66,50.069
554,67.24,54.6,49.585,59.66,50.063
555,67.28,54.6,49.585,59.66,50.065
556,67.28,54.6,49.585,59.66,50.073
557,67.285,54.6,49.585,59.66,50.053
558,67.305,54.6,49.585,59.66,50.052
559,67.305,54.6,49.585,59.66,50.075
560,67.305,54.6,49.585,59.66,50.054
561,67.305,54.6,49.585,59.66,50.075
562,67.315,54.6,49.585,59.66,50.067
563,67.315,54.6,49.585,59.66,50.046
564,67.315,54.6,49.585,59.66,50.059
565,67.355,54.6,49.585,59.66,50.049
566,67.355,54.6,49.585,59.66,50.03
567,67.38,54.6,49.585,59.66,50.05
568,67.385,54.6,49.585,59.66,50.062
569,67.385,54.6,49.585,59.66,50.077
570,67.41,54.6,49.585,59.66,50.068
571,67.41,54.6,49.585,59.66,50.066
572,67.41,54.6,49.585,59.66,50.043
573,67.41,54.6,49.585,59.66,50.054
574,67.415,54.6,49.585,59.66,50.056
575,67.445,54.6,49.585,59.66,50.051
576,67.49,54.6,49.585,59.66,50.055
577,67.495,54.6,49.585,59.66,50.041
578,67.495,54.6,49.585,59.66,50.049
579,67.505,54.6,49.585,59.66,50.04
580,67.53,54.6,49.585,59.66,50.039
581,67.54,54.6,49.585,59.66,50.046
582,67.565,54.6,49.585,59.66,50.046
583,67.58,54.6,49.585,59.66,50.057
584,67.58,54.6,49.585,59.66,50.038
585,67.59,54.6,49.585,59.66,50.042
586,67.595,54.6,49.585,59.66,50.04
587,67.595,54.6,49.585,59.66,50.036
588,67.6,54.6,49.585,59.66,50.017
589,67.6,54.6,49.585,59.66,50.003
590,67.6,54.6,49.585,59.66,50.034
591,67.61,54.6,49.585,59.66,50.031
592,67.63,54.6,49.585,59.66,50.018
593,67.63,54.6,49.585,59.66,50.03
594,67.635,54.6,49.585,59.66,50.038
595,67.635,54.6,49.585,59.66,50.034
596,67.64,54.6,49.585,59.66,50.036
597,67.645,54.6,49.585,59.66,50.045
598,67.645,54.6,49.585,59.66,50.04
599,67.645,54.6,49.585,59.66,50.027
600,67.65,54.6,49.685,62.15,50.027
601,67.65,54.6,49.685,62.15,50.018
602,67.69,54.6,49.685,62.15,50.032
603,67.69,54.6,49.685,62.15,50.004
604,67.71,54.65,49.685,62.15,50.024
605,67.715,54.65,49.685,62.15,50.032
606,67.74,54.65,49.685,62.15,50.034
607,67.76,54.65,49.685,62.15,50.036
608,67.765,54.65,49.685,62.15,50.029
609,67.765,54.65,49.685,62.15,50.019
610,67.765,54.65,49.685,62.15,50.041
611,67.765,54.65,49.685,62.15,50.05
612,67.785,54.65,49.685,62.15,50.063
613,67.815,54.65,49.685,62.15,50.04
614,67.89,54.65,49.685,62.15,50.051
615,67.905,54.65,49.685,62.15,50.052
616,67.935,54.65,49.685,62.15,50.051
617,67.935,54.65,49.685,62.15,50.045
618,67.935,54.65,49.685,62.15,50.044
619,67.95,54.65,49.685,62.15,50.059
620,67.95,54.65,49.685,62.15,50.051
621,67.955,54.65,49.685,62.15,50.049
622,67.975,54.65,49.685,62.15,50.026
623,68.01,54.65,49.685,62.15,50.017
624,68.01,54.65,49.685,62.15,50.006
625,68.01,54.65,49.685,62.15,49.996
626,68.03,54.65,49.685,62.15,49.985
627,68.03,54.65,49.685,62.15,49.988
628,68.065,54.65,49.685,62.15,50.005
629,68.07,54.65,49.685,62.15,50.004
630,68.085,54.65,49.685,62.15,50.01
631,68.09,54.65,49.685,62.15,50.01
632,68.115,54.65,49.685,62.15,50.015
633,68.13,54.65,49.685,62.15,50.012
634,68.155,54.65,49.685,62.15,49.998
635,68.155,54.65,49.685,62.15,50.004
636,68.165,54.65,49.685,62.15,50.027
637,68.165,54.65,49.685,62.15,50.014
638,68.2,54.65,49.685,62.15,50.039
639,68.23,54.65,49.685,62.15,50.022
640,68.23,54.65,49.685,62.15,50.043
641,68.26,54.65,49.685,62.15,50.024
642,68.275,54.65,49.685,62.15,50.019
643,68.275,54.65,49.685,62.15,50.032
644,68.305,54.65,49.685,62.15,50.013
645,68.305,54.65,49.685,62.15,49.989
646,68.305,54.65,49.685,62.15,49.975
647,68.315,54.65,49.685,62.15,49.987
648,68.325,54.65,49.685,62.15,49.994
649,68.33,54.65,49.685,62.15,50.033
650,68.365,54.65,49.685,62.15,50.029
651,68.37,54.65,49.685,62.15,50.04
652,68.37,54.65,49.685,62.15,50.03
653,68.415,54.65,49.685,62.15,50.054
654,68.415,54.65,49.685,62.15,50.034
655,68.43,54.65,49.685,62.15,50.032
656,68.46,54.65,49.685,62.15,50.039
657,68.465,54.65,49.685,62.15,50.038
658,68.47,54.65,49.685,62.15,50.042
659,68.485,54.65,49.685,62.15,50.049
660,68.485,54.65,49.685,62.15,50.067
661,68.505,54.65,49.685,62.15,50.061
662,68.52,54.65,49.685,62.15,50.059
663,68.52,54.65,49.685,62.15,50.071
664,68.53,54.65,49.685,62.15,50.087
665,68.575,54.65,49.685,62.15,50.062
666,68.575,54.65,49.685,62.15,50.085
667,68.575,54.65,49.685,62.15,50.076
668,68.575,54.65,49.685,62.15,50.079
669,68.605,54.65,49.685,62.15,50.082
670,68.635,54.65,49.685,62.15,50.068
671,68.635,54.65,49.685,62.15,50.05
672,68.635,54.65,49.685,62.15,50.061
673,68.65,54.65,49.685,62.15,50.065
674,68.65,54.65,49.685,62.15,50.049
675,68.67,54.65,49.685,62.15,50.046
676,68.67,54.65,49.685,62.15,50.036
677,68.685,54.65,49.685,62.15,50.041
678,68.685,54.65,49.685,62.15,50.034
679,68.71,54.65,49.685,62.15,50.028
680,68.71,54.65,49.685,62.15,50.02
681,68.715,54.65,49.685,62.15,49.993
682,68.715,54.65,49.685,62.15,50.016
683,68.735,54.65,49.685,62.15,50.014
684,68.75,54.65,49.685,62.15,49.978
685,68.75,54.65,49.685,62.15,50.007
686,68.75,54.65,49.685,62.15,49.988
687,68.765,54.65,49.685,62.15,50.002
688,68.78,54.65,49.685,62.15,50.002
689,68.78,54.65,49.685,62.15,49.992
690,68.78,54.65,49.685,62.15,50.005
691,68.8,54.65,49.685,62.15,50.005
692,68.85,54.65,49.685,62.15,50.011
693,68.85,54.65,49.685,62.15,50.026
694,68.875,54.65,49.685,62.15,49.997
695,68.88,54.65,49.685,62.15,49.985
696,68.88,54.65,49.685,62.15,50.012
697,68.915,54.65,49.685,62.15,50.002
698,68.945,54.65,49.685,62.15,50.021
699,68.95,54.65,49.685,62.15,50.028
700,68.955,54.65,49.83,61.92,50.01
701,68.96,54.65,49.83,61.92,50.056
702,68.985,54.65,49.83,61.92,50.016
703,68.995,54.65,49.83,61.92,50.032
704,68.995,54.65,49.83,61.92,50.028
705,69.04,54.65,49.83,61.92,50.024
706,69.045,54.65,49.83,61.92,50.034
707,69.045,54.65,49.83,61.92,50.036
708,69.045,54.65,49.83,61.92,50.028
709,69.045,54.65,49.83,61.92,50.048
710,69.045,54.65,49.83,61.92,50.049
711,69.045,54.65,49.83,61.92,50.02
712,69.07,54.65,49.83,61.92,50.028
713,69.07,54.65,49.83,61.92,50.046
714,69.07,54.65,49.83,61.92,50.029
715,69.07,54.65,49.83,61.92,50.045
716,69.105,54.65,49.83,61.92,50.05
717,69.105,54.65,49.83,61.92,50.074
718,69.105,54.65,49.83,61.92,50.07
719,69.105,54.65,49.83,61.92,50.074
720,69.11,54.65,49.83,61.92,50.065
721,69.12,54.65,49.83,61.92,50.045
722,69.12,54.65,49.83,61.92,50.033
723,69.13,54.65,49.83,61.92,50.059
724,69.14,54.65,49.83,61.92,50.051
725,69.14,54.65,49.83,61.92,50.043
726,69.17,54.65,49.83,61.92,50.072
727,69.17,54.65,49.83,61.92,50.068
728,69.185,54.65,49.83,61.92,50.047
729,69.185,54.65,49.83,61.92,50.055
730,69.185,54.65,49.83,61.92,50.044
731,69.195,54.65,49.83,61.92,50.029
732,69.195,54.65,49.83,61.92,50.047
733,69.195,54.65,49.83,61.92,50.027
734,69.195,54.65,49.83,61.92,50.035
735,69.2,54.65,49.83,61.92,50.032
736,69.2,54.65,49.83,61.92,50.036
737,69.235,54.65,49.83,61.92,50.038
738,69.235,54.65,49.83,61.92,50.037
739,69.245,54.65,49.83,61.92,50.007
740,69.245,54.65,49.83,61.92,50.012
741,69.25,54.65,49.83,61.92,50.001
742,69.26,54.65,49.83,61.92,50.017
743,69.27,54.65,49.83,61.92,49.997
744,69.28,54.65,49.83,61.92,50.016
745,69.28,54.65,49.83,61.92,50.004
746,69.28,54.65,49.83,61.92,49.998
747,69.28,54.65,49.83,61.92,49.988
748,69.28,54.65,49.83,61.92,49.985
749,69.28,54.65,49.83,61.92,49.987
750,69.285,54.65,49.83,61.92,49.975
751,69.285,54.65,49.83,61.92,50.015
752,69.29,54.65,49.83,61.92,50.002
753,69.295,54.65,49.83,61.92,49.98
754,69.295,54.65,49.83,61.92,49.994
755,69.31,54.65,49.83,61.92,49.997
756,69.315,54.65,49.83,61.92,50.01
757,69.315,54.65,49.83,61.92,49.997
758,69.35,54.65,49.83,61.92,50.009
759,69.355,54.65,49.83,61.92,49.994
760,69.37,54.65,49.83,61.92,50.014
761,69.385,54.65,49.83,61.92,50.022
762,69.39,54.65,49.83,61.92,50.0
763,69.42,54.65,49.83,61.92,49.978
764,69.425,54.65,49.83,61.92,49.984
765,69.44,54.65,49.83,61.92,50.003
766,69.465,54.65,49.83,61.92,49.974
767,69.51,54.65,49.83,61.92,49.988
768,69.51,54.65,49.83,61.92,49.97
769,69.53,54.65,49.83,61.92,49.95
770,69.545,54.65,49.83,61.92,49.985
771,69.565,54.65,49.83,61.92,49.966
772,69.575,54.65,49.83,61.92,49.96
773,69.585,54.65,49.83,61.92,49.982
774,69.635,54.65,49.83,61.92,49.973
775,69.635,54.65,49.83,61.92,49.969
776,69.635,54.65,49.83,61.92,49.963
777,69.645,54.65,49.83,61.92,50.0
778,69.665,54.65,49.83,61.92,49.992
779,69.665,54.65,49.83,61.92,49.984
780,69.665,54.65,49.83,61.92,49.973
781,69.665,54.65,49.83,61.92,49.983
782,69.67,54.65,49.83,61.92,50.0
783,69.705,54.65,49.83,61.92,50.01
784,69.705,54.65,49.83,61.92,49.996
785,69.715,54.65,49.83,61.92,50.015
786,69.735,54.65,49.83,61.92,49.99
787,69.735,54.65,49.83,61.92,49.98
788,69.735,54.65,49.83,61.92,49.985
789,69.775,54.65,49.83,61.92,50.015
790,69.775,54.65,49.83,61.92,50.022
791,69.78,54.65,49.83,61.92,50.004
792,69.83,54.65,49.83,61.92,49.988
793,69.85,54.65,49.83,61.92,50.001
794,69.85,54.65,49.83,61.92,49.979
795,69.855,54.65,49.83,61.92,49.982
796,69.87,54.65,49.83,61.92,49.986
797,69.9,54.65,49.83,61.92,49.974
798,69.915,54.65,49.83,61.92,49.976
799,69.93,54.65,49.83,61.92,49.974
800,69.93,54.65,50.025,63.7,49.987
801,69.935,54.65,50.025,63.7,49.979
802,69.95,54.65,50.025,63.7,49.978
803,69.98,54.65,50.025,63.7,49.975
804,70.0,54.65,50.025,63.7,49.983
805,70.02,54.65,50.025,63.7,49.974
806,70.04,54.65,50.025,63.7,49.973
807,70.06,54.65,50.025,63.7,49.979
808,70.06,54.65,50.025,63.7,49.983
809,70.085,54.65,50.025,63.7,49.988
810,70.09,54.65,50.025,63.7,50.002
811,70.115,54.65,50.025,63.7,49.986
812,70.115,54.65,50.025,63.7,50.005
813,70.13,54.65,50.025,63.7,50.009
814,70.175,54.65,50.025,63.7,50.007
815,70.19,54.65,50.025,63.7,50.0
816,70.225,54.65,50.025,63.7,50.001
817,70.235,54.65,50.025,63.7,49.994
818,70.265,54.65,50.025,63.7,49.981
819,70.265,54.65,50.025,63.7,49.985
820,70.28,54.65,50.025,63.7,50.002
821,70.29,54.65,50.025,63.7,49.976
822,70.295,54.65,50.025,63.7,49.982
823,70.31,54.65,50.025,63.7,49.989
824,70.325,54.65,50.025,63.7,49.975
825,70.325,54.65,50.025,63.7,49.98
826,70.325,54.65,50.025,63.7,49.974
827,70.33,54.65,50.025,63.7,49.974
828,70.335,54.65,50.025,63.7,49.989
829,70.34,54.65,50.025,63.7,49.973
830,70.34,54.65,50.025,63.7,49.97
831,70.37,54.65,50.025,63.7,49.981
832,70.37,54.65,50.025,63.7,49.988
833,70.38,54.65,50.025,63.7,49.999
834,70.385,54.65,50.025,63.7,50.014
835,70.395,54.65,50.025,63.7,50.018
836,70.395,54.65,50.025,63.7,50.025
837,70.395,54.65,50.025,63.7,50.036
838,70.405,54.65,50.025,63.7,50.029
839,70.405,54.65,50.025,63.7,50.028
840,70.44,54.65,50.025,63.7,50.002
841,70.44,54.65,50.025,63.7,50.009
842,70.455,54.65,50.025,63.7,50.005
843,70.465,54.65,50.025,63.7,50.012
844,70.465,54.65,50.025,63.7,50.015
845,70.49,54.65,50.025,63.7,50.016
846,70.49,54.65,50.025,63.7,50.037
847,70.49,54.65,50.025,63.7,50.024
848,70.49,54.65,50.025,63.7,50.023
849,70.49,54.65,50.025,63.7,50.029
850,70.49,54.65,50.025,63.7,50.052
851,70.49,54.65,50.025,63.7,50.065
852,70.52,54.65,50.025,63.7,50.071
853,70.53,54.65,50.025,63.7,50.074
854,70.55,54.65,50.025,63.7,50.068
855,70.57,54.65,50.025,63.7,50.076
856,70.57,54.65,50.025,63.7,50.081
857,70.57,54.65,50.025,63.7,50.082
858,70.57,54.65,50.025,63.7,50.039
859,70.57,54.65,50.025,63.7,50.019
860,70.57,54.65,50.025,63.7,50.026
861,70.58,54.65,50.025,63.7,50.024
862,70.595,54.65,50.025,63.7,50.008
863,70.595,54.65,50.025,63.7,50.028
864,70.6,54.65,50.025,63.7,50.031
865,70.605,54.65,50.025,63.7,50.023
866,70.635,54.65,50.025,63.7,50.046
867,70.635,54.65,50.025,63.7,50.025
868,70.635,54.65,50.025,63.7,50.043
869,70.635,54.65,50.025,63.7,50.058
870,70.635,54.65,50.025,63.7,50.044
871,70.635,54.65,50.025,63.7,50.072
872,70.655,54.65,50.025,63.7,50.059
873,70.69,54.65,50.025,63.7,50.052
874,70.69,54.65,50.025,63.7,50.058
875,70.695,54.65,50.025,63.7,50.07
876,70.695,54.65,50.025,63.7,50.058
877,70.74,54.65,50.025,63.7,50.028
878,70.74,54.65,50.025,63.7,50.049
879,70.745,54.65,50.025,63.7,50.061
880,70.745,54.65,50.025,63.7,50.08
881,70.745,54.65,50.025,63.7,50.067
882,70.745,54.65,50.025,63.7,50.064
883,70.745,54.65,50.025,63.7,50.058
884,70.745,54.65,50.025,63.7,50.064
885,70.745,54.65,50.025,63.7,50.052
886,70.765,54.65,50.025,63.7,50.05
887,70.775,54.65,50.025,63.7,50.05
888,70.775,54.65,50.025,63.7,50.051
889,70.795,54.65,50.025,63.7,50.047
890,70.805,54.65,50.025,63.7,50.049
891,70.815,54.65,50.025,63.7,50.045
892,70.825,54.65,50.025,63.7,50.033
893,70.845,54.65,50.025,63.7,50.017
894,70.85,54.65,50.025,63.7,50.038
895,70.89,54.65,50.025,63.7,50.042
896,70.93,54.65,50.025,63.7,50.012
897,70.93,54.65,50.025,63.7,50.01
898,70.935,54.65,50.025,63.7,50.022
899,70.94,54.65,50.025,63.7,49.996
900,70.99,54.65,49.96,63.96,50.011
901,71.005,54.65,49.96,63.96,50.017
902,71.01,54.65,49.96,63.96,50.011
903,71.02,54.65,49.96,63.96,50.004
904,71.035,54.65,49.96,63.96,50.0
905,71.06,54.65,49.96,63.96,50.019
906,71.06,54.65,49.96,63.96,50.0
907,71.065,54.65,49.96,63.96,49.977
908,71.065,54.65,49.96,63.96,49.993
909,71.065,54.65,49.96,63.96,50.013
910,71.065,54.65,49.96,63.96,50.015
911,71.065,54.65,49.96,63.96,50.005
912,71.075,54.65,49.96,63.96,50.008
913,71.075,54.65,49.96,63.96,50.027
914,71.08,54.65,49.96,63.96,50.01
915,71.085,54.65,49.96,63.96,49.981
916,71.155,54.65,49.96,63.96,49.993
917,71.2,54.65,49.96,63.96,49.979
918,71.2,54.65,49.96,63.96,49.985
919,71.205,54.65,49.96,63.96,49.992
920,71.205,54.65,49.96,63.96,50.006
921,71.22,54.65,49.96,63.96,50.008
922,71.23,54.65,49.96,63.96,49.998
923,71.24,54.65,49.96,63.96,49.992
924,71.24,54.65,49.96,63.96,50.002
925,71.24,54.65,49.96,63.96,49.989
926,71.24,54.65,49.96,63.96,49.98
927,71.24,54.65,49.96,63.96,49.991
928,71.24,54.65,49.96,63.96,49.966
929,71.26,54.65,49.96,63.96,49.952
930,71.26,54.65,49.96,63.96,49.961
931,71.285,54.65,49.96,63.96,49.942
932,71.305,54.65,49.96,63.96,49.928
933,71.31,54.65,49.96,63.96,49.939
934,71.31,54.65,49.96,63.96,49.942
935,71.315,54.65,49.96,63.96,49.938
936,71.315,54.65,49.96,63.96,49.908
937,71.315,54.65,49.96,63.96,49.935
938,71.34,54.65,49.96,63.96,49.91
939,71.34,54.65,49.96,63.96,49.934
940,71.345,54.65,49.96,63.96,49.902
941,71.35,54.65,49.96,63.96,49.911
942,71.365,54.65,49.96,63.96,49.908
943,71.37,54.65,49.96,63.96,49.93
944,71.37,54.65,49.96,63.96,49.924
945,71.385,54.65,49.96,63.96,49.943
946,71.395,54.65,49.96,63.96,49.918
947,71.4,54.65,49.96,63.96,49.945
948,71.4,54.7,49.96,63.96,49.958
949,71.435,54.7,49.96,63.96,49.96
950,71.45,54.7,49.96,63.96,49.972
951,71.45,54.7,49.96,63.96,49.976
952,71.51,54.7,49.96,63.96,49.973
953,71.54,54.7,49.96,63.96,49.965
954,71.54,54.7,49.96,63.96,49.967
955,71.56,54.7,49.96,63.96,49.983
956,71.59,54.7,49.96,63.96,49.972
957,71.59,54.7,49.96,63.96,49.949
958,71.605,54.7,49.96,63.96,49.954
959,71.605,54.7,49.96,63.96,49.951
960,71.605,54.7,49.96,63.96,49.945
961,71.63,54.7,49.96,63.96,49.979
962,71.675,54.7,49.96,63.96,49.97
963,71.675,54.7,49.96,63.96,49.991
964,71.7,54.7,49.96,63.96,50.009
965,71.72,54.7,49.96,63.96,49.983
966,71.735,54.7,49.96,63.96,50.016
967,71.735,54.7,49.96,63.96,50.019
968,71.74,54.7,49.96,63.96,50.015
969,71.74,54.7,49.96,63.96,49.99
970,71.74,54.7,49.96,63.96,49.995
971,71.775,54.7,49.96,63.96,50.0
972,71.79,54.7,49.96,63.96,49.99
973,71.79,54.7,49.96,63.96,49.996
974,71.81,54.7,49.96,63.96,50.006
975,71.815,54.7,49.96,63.96,49.972
976,71.825,54.7,49.96,63.96,49.989
977,71.825,54.7,49.96,63.96,50.014
978,71.825,54.7,49.96,63.96,49.988
979,71.835,54.7,49.96,63.96,49.987
980,71.84,54.7,49.96,63.96,49.993
981,71.845,54.7,49.96,63.96,49.977
982,71.855,54.7,49.96,63.96,49.996
983,71.895,54.7,49.96,63.96,50.001
984,71.915,54.7,49.96,63.96,50.016
985,71.935,54.7,49.96,63.96,50.022
986,71.95,54.7,49.96,63.96,50.004
987,71.97,54.7,49.96,63.96,49.991
988,71.975,54.7,49.96,63.96,49.998
989,71.975,54.7,49.96,63.96,50.002
990,71.99,54.7,49.96,63.96,50.012
991,72.01,54.7,49.96,63.96,50.018
992,72.01,54.7,49.96,63.96,50.02
993,72.01,54.7,49.96,63.96,50.007
994,72.01,54.7,49.96,63.96,50.013
995,72.01,54.7,49.96,63.96,50.008
996,72.01,54.7,49.96,63.96,50.022
997,72.015,54.7,49.96,63.96,50.01
998,72.025,54.7,49.96,63.96,50.0
999,72.025,54.7,49.96,63.96,49.996
1000,72.04,54.7,50.17,65.83,50.021
1001,72.045,54.7,50.17,65.83,50.004
1002,72.045,54.7,50.17,65.83,50.016
1003,72.05,54.7,50.17,65.83,50.028
1004,72.05,54.7,50.17,65.83,50.01
1005,72.05,54.7,50.17,65.83,50.004
1006,72.05,54.7,50.17,65.83,50.001
1007,72.065,54.7,50.17,65.83,50.006
1008,72.065,54.7,50.17,65.83,49.993
1009,72.075,54.7,50.17,65.83,50.0
1010,72.075,54.7,50.17,65.83,49.991
1011,72.075,54.7,50.17,65.83,49.988
1012,72.09,54.7,50.17,65.83,49.973
1013,72.09,54.7,50.17,65.83,49.974
1014,72.09,54.7,50.17,65.83,49.987
1015,72.1,54.7,50.17,65.83,49.97
1016,72.105,54.7,50.17,65.83,49.978
1017,72.105,54.7,50.17,65.83,49.972
1018,72.105,54.7,50.17,65.83,49.965
1019,72.12,54.7,50.17,65.83,49.979
1020,72.125,54.7,50.17,65.83,49.993
1021,72.125,54.7,50.17,65.83,49.989
1022,72.13,54.7,50.17,65.83,50.006
1023,72.14,54.7,50.17,65.83,50.003
1024,72.14,54.7,50.17,65.83,50.01
1025,72.14,54.7,50.17,65.83,50.015
1026,72.155,54.7,50.17,65.83,49.999
1027,72.165,54.7,50.17,65.83,50.014
1028,72.175,54.7,50.17,65.83,50.02
1029,72.175,54.7,50.17,65.83,50.027
1030,72.215,54.7,50.17,65.83,50.008
1031,72.26,54.7,50.17,65.83,49.997
1032,72.275,54.7,50.17,65.83,50.02
1033,72.295,54.7,50.17,65.83,50.015
1034,72.32,54.7,50.17,65.83,50.004
1035,72.355,54.7,50.17,65.83,49.994
1036,72.355,54.7,50.17,65.83,49.999
1037,72.355,54.7,50.17,65.83,50.004
1038,72.37,54.7,50.17,65.83,50.0
1039,72.38,54.7,50.17,65.83,50.019
1040,72.39,54.7,50.17,65.83,50.014
1041,72.39,54.7,50.17,65.83,49.998
1042,72.395,54.7,50.17,65.83,50.008
1043,72.395,54.7,50.17,65.83,50.024
1044,72.395,54.7,50.17,65.83,49.995
1045,72.395,54.7,50.17,65.83,49.996
1046,72.42,54.7,50.17,65.83,50.009
1047,72.42,54.7,50.17,65.83,50.003
1048,72.42,54.7,50.17,65.83,50.01
1049,72.445,54.7,50.17,65.83,50.008
1050,72.445,54.7,50.17,65.83,49.988
1051,72.45,54.7,50.17,65.83,49.99
1052,72.455,54.7,50.17,65.83,50.026
1053,72.465,54.7,50.17,65.83,50.013
1054,72.475,54.7,50.17,65.83,50.022
1055,72.49,54.7,50.17,65.83,50.032
1056,72.5,54.7,50.17,65.83,50.018
1057,72.51,54.7,50.17,65.83,50.022
1058,72.51,54.7,50.17,65.83,50.026
1059,72.535,54.7,50.17,65.83,50.018
1060,72.56,54.7,50.17,65.83,50.001
1061,72.57,54.7,50.17,65.83,50.005
1062,72.57,54.7,50.17,65.83,50.008
1063,72.6,54.7,50.17,65.83,50.014
1064,72.6,54.7,50.17,65.83,50.032
1065,72.6,54.7,50.17,65.83,50.03
1066,72.61,54.7,50.17,65.83,50.017
1067,72.625,54.7,50.17,65.83,50.018
1068,72.625,54.7,50.17,65.83,50.027
1069,72.625,54.7,50.17,65.83,50.024
1070,72.63,54.7,50.17,65.83,50.032
1071,72.63,54.7,50.17,65.83,50.033
1072,72.63,54.7,50.17,65.83,50.042
1073,72.64,54.7,50.17,65.83,50.017
1074,72.66,54.7,50.17,65.83,50.007
1075,72.685,54.7,50.17,65.83,50.0
1076,72.685,54.7,50.17,65.83,50.04
1077,72.695,54.7,50.17,65.83,50.044
1078,72.695,54.7,50.17,65.83,50.031
1079,72.725,54.7,50.17,65.83,50.032
1080,72.73,54.7,50.17,65.83,50.024
1081,72.755,54.7,50.17,65.83,50.047
1082,72.77,54.7,50.17,65.83,50.05
1083,72.78,54.7,50.17,65.83,50.054
1084,72.805,54.7,50.17,65.83,50.035
1085,72.805,54.7,50.17,65.83,50.026
1086,72.83,54.7,50.17,65.83,50.035
1087,72.845,54.7,50.17,65.83,50.021
1088,72.845,54.7,50.17,65.83,50.025
1089,72.845,54.7,50.17,65.83,50.005
1090,72.865,54.7,50.17,65.83,50.008
1091,72.87,54.7,50.17,65.83,50.012
1092,72.87,54.7,50.17,65.83,50.022
1093,72.87,54.7,50.17,65.83,50.029
1094,72.89,54.7,50.17,65.83,50.015
1095,72.925,54.7,50.17,65.83,50.024
1096,72.925,54.7,50.17,65.83,50.025
1097,72.95,54.7,50.17,65.83,50.03
1098,72.95,54.7,50.17,65.83,50.05
1099,72.95,54.7,50.17,65.83,50.053
1100,72.98,54.7,49.97,65.73,50.008
1101,73.01,54.7,49.97,65.73,50.012
1102,73.035,54.7,49.97,65.73,50.011
1103,73.035,54.7,49.97,65.73,50.013
1104,73.035,54.7,49.97,65.73,49.997
1105,73.045,54.7,49.97,65.73,49.985
1106,73.045,54.7,49.97,65.73,49.987
1107,73.055,54.7,49.97,65.73,49.977
1108,73.055,54.7,49.97,65.73,49.952
1109,73.055,54.7,49.97,65.73,49.942
1110,73.06,54.7,49.97,65.73,49.944
1111,73.06,54.7,49.97,65.73,49.937
1112,73.06,54.7,49.97,65.73,49.947
1113,73.075,54.7,49.97,65.73,49.931
1114,73.085,54.7,49.97,65.73,49.929
1115,73.09,54.7,49.97,65.73,49.946
1116,73.125,54.7,49.97,65.73,49.945
1117,73.155,54.7,49.97,65.73,49.977
1118,73.17,54.7,49.97,65.73,49.964
1119,73.175,54.7,49.97,65.73,49.971
1120,73.19,54.7,49.97,65.73,49.98
1121,73.21,54.7,49.97,65.73,49.956
1122,73.23,54.7,49.97,65.73,49.961
1123,73.245,54.7,49.97,65.73,49.979
1124,73.285,54.7,49.97,65.73,49.964
1125,73.29,54.7,49.97,65.73,49.943
1126,73.305,54.7,49.97,65.73,49.942
1127,73.305,54.7,49.97,65.73,49.951
1128,73.305,54.7,49.97,65.73,49.959
1129,73.32,54.7,49.97,65.73,49.944
1130,73.325,54.7,49.97,65.73,49.935
1131,73.325,54.7,49.97,65.73,49.952
1132,73.325,54.7,49.97,65.73,49.947
1133,73.35,54.7,49.97,65.73,49.924
1134,73.4,54.7,49.97,65.73,49.918
1135,73.445,54.7,49.97,65.73,49.924
1136,73.445,54.7,49.97,65.73,49.948
1137,73.445,54.7,49.97,65.73,49.961
1138,73.475,54.7,49.97,65.73,49.94
1139,73.475,54.7,49.97,65.73,49.963
1140,73.485,54.7,49.97,65.73,49.95
1141,73.485,54.7,49.97,65.73,49.959
1142,73.495,54.7,49.97,65.73,49.965
1143,73.495,54.7,49.97,65.73,49.986
1144,73.505,54.7,49.97,65.73,49.973
1145,73.505,54.7,49.97,65.73,49.975
1146,73.505,54.7,49.97,65.73,49.963
1147,73.505,54.7,49.97,65.73,49.981
1148,73.51,54.7,49.97,65.73,49.984
1149,73.51,54.7,49.97,65.73,49.988
1150,73.51,54.7,49.97,65.73,49.982
1151,73.53,54.7,49.97,65.73,49.99
1152,73.565,54.7,49.97,65.73,49.971
1153,73.565,54.7,49.97,65.73,49.974
1154,73.58,54.7,49.97,65.73,49.976
1155,73.605,54.7,49.97,65.73,49.974
1156,73.605,54.7,49.97,65.73,49.982
1157,73.605,54.7,49.97,65.73,49.992
1158,73.605,54.7,49.97,65.73,49.991
1159,73.605,54.7,49.97,65.73,49.993
1160,73.62,54.7,49.97,65.73,49.993
1161,73.635,54.7,49.97,65.73,50.006
1162,73.635,54.7,49.97,65.73,49.99
1163,73.635,54.7,49.97,65.73,50.002
1164,73.635,54.7,49.97,65.73,50.014
1165,73.635,54.7,49.97,65.73,50.028
1166,73.64,54.7,49.97,65.73,50.017
1167,73.655,54.7,49.97,65.73,50.014
1168,73.665,54.7,49.97,65.73,50.011
1169,73.665,54.7,49.97,65.73,50.022
1170,73.67,54.7,49.97,65.73,50.031
1171,73.68,54.7,49.97,65.73,50.034
1172,73.69,54.7,49.97,65.73,50.04
1173,73.69,54.7,49.97,65.73,50.055
1174,73.69,54.7,49.97,65.73,50.062
1175,73.69,54.7,49.97,65.73,50.054
1176,73.69,54.7,49.97,65.73,50.06
1177,73.695,54.7,49.97,65.73,50.088
1178,73.695,54.7,49.97,65.73,50.056
1179,73.695,54.7,49.97,65.73,50.055
1180,73.71,54.7,49.97,65.73,50.048
1181,73.71,54.7,49.97,65.73,50.056
1182,73.725,54.7,49.97,65.73,50.06
1183,73.725,54.7,49.97,65.73,50.04
1184,73.73,54.7,49.97,65.73,50.069
1185,73.74,54.7,49.97,65.73,50.079
1186,73.745,54.7,49.97,65.73,50.09
1187,73.745,54.7,49.97,65.73,50.084
1188,73.765,54.7,49.97,65.73,50.073
1189,73.78,54.7,49.97,65.73,50.082
1190,73.81,54.7,49.97,65.73,50.071
1191,73.81,54.7,49.97,65.73,50.077
1192,73.82,54.7,49.97,65.73,50.076
1193,73.82,54.7,49.97,65.73,50.06
1194,73.82,54.7,49.97,65.73,50.069
1195,73.82,54.7,49.97,65.73,50.067
1196,73.825,54.7,49.97,65.73,50.058
1197,73.825,54.7,49.97,65.73,50.046
1198,73.825,54.7,49.97,65.73,50.033
1199,73.825,54.7,49.97,65.73,50.048
1200,73.825,54.7,50.02,67.57,50.063
1201,73.825,54.7,50.02,67.57,50.062
1202,73.825,54.7,50.02,67.57,50.061
1203,73.83,54.7,50.02,67.57,50.075
1204,73.83,54.7,50.02,67.57,50.065
1205,73.83,54.7,50.02,67.57,50.068
1206,73.845,54.7,50.02,67.57,50.063
1207,73.845,54.7,50.02,67.57,50.057
1208,73.845,54.7,50.02,67.57,50.062
1209,73.85,54.7,50.02,67.57,50.066
1210,73.85,54.7,50.02,67.57,50.058
1211,73.86,54.7,50.02,67.57,50.044
1212,73.87,54.7,50.02,67.57,50.056
1213,73.87,54.7,50.02,67.57,50.063
1214,73.9,54.7,50.02,67.57,50.059
1215,73.905,54.7,50.02,67.57,50.046
1216,73.905,54.7,50.02,67.57,50.045
1217,73.905,54.7,50.02,67.57,50.053
1218,73.915,54.7,50.02,67.57,50.048
1219,73.915,54.7,50.02,67.57,50.023
1220,73.92,54.7,50.02,67.57,50.024
1221,73.92,54.7,50.02,67.57,50.022
1222,73.92,54.7,50.02,67.57,50.028
1223,73.92,54.7,50.02,67.57,50.023
1224,73.92,54.7,50.02,67.57,50.021
1225,73.92,54.7,50.02,67.57,50.02
1226,73.985,54.7,50.02,67.57,50.024
1227,73.985,54.7,50.02,67.57,50.043
1228,73.985,54.7,50.02,67.57,50.037
1229,74.02,54.7,50.02,67.57,50.028
1230,74.02,54.7,50.02,67.57,50.03
1231,74.045,54.7,50.02,67.57,50.025
1232,74.07,54.7,50.02,67.57,50.043
1233,74.07,54.7,50.02,67.57,50.035
1234,74.07,54.7,50.02,67.57,50.002
1235,74.09,54.7,50.02,67.57,50.009
1236,74.11,54.7,50.02,67.57,50.005
1237,74.13,54.7,50.02,67.57,50.02
1238,74.15,54.7,50.02,67.57,50.016
1239,74.205,54.7,50.02,67.57,50.0
1240,74.205,54.7,50.02,67.57,50.027
1241,74.215,54.7,50.02,67.57,50.039
1242,74.215,54.7,50.02,67.57,50.037
1243,74.23,54.7,50.02,67.57,50.06
1244,74.255,54.7,50.02,67.57,50.074
1245,74.27,54.7,50.02,67.57,50.055
1246,74.27,54.7,50.02,67.57,50.041
1247,74.27,54.7,50.02,67.57,50.025
1248,74.27,54.7,50.02,67.57,50.035
1249,74.285,54.7,50.02,67.57,50.012
1250,74.295,54.7,50.02,67.57,50.026
1251,74.295,54.7,50.02,67.57,50.033
1252,74.305,54.7,50.02,67.57,50.022
1253,74.305,54.7,50.02,67.57,50.038
1254,74.305,54.7,50.02,67.57,50.018
1255,74.305,54.7,50.02,67.57,50.008
1256,74.305,54.7,50.02,67.57,50.002
1257,74.305,54.7,50.02,67.57,50.007
1258,74.305,54.7,50.02,67.57,50.006
1259,74.34,54.7,50.02,67.57,50.027
1260,74.34,54.7,50.02,67.57,50.01
1261,74.365,54.7,50.02,67.57,50.001
1262,74.38,54.7,50.02,67.57,50.018
1263,74.38,54.7,50.02,67.57,49.997
1264,74.395,54.7,50.02,67.57,49.991
1265,74.395,54.7,50.02,67.57,49.994
1266,74.395,54.7,50.02,67.57,50.002
1267,74.425,54.7,50.02,67.57,49.999
1268,74.445,54.7,50.02,67.57,49.994
1269,74.445,54.7,50.02,67.57,50.003
1270,74.46,54.7,50.02,67.57,49.973
1271,74.46,54.7,50.02,67.57,50.01
1272,74.47,54.7,50.02,67.57,49.991
1273,74.475,54.7,50.02,67.57,49.988
1274,74.5,54.7,50.02,67.57,50.01
1275,74.5,54.7,50.02,67.57,50.014
1276,74.5,54.7,50.02,67.57,49.992
1277,74.505,54.7,50.02,67.57,49.978
1278,74.515,54.7,50.02,67.57,49.987
1279,74.515,54.7,50.02,67.57,49.998
1280,74.515,54.7,50.02,67.57,49.999
1281,74.525,54.7,50.02,67.57,49.999
1282,74.525,54.7,50.02,67.57,49.974
1283,74.53,54.7,50.02,67.57,49.999
1284,74.53,54.7,50.02,67.57,50.007
1285,74.54,54.7,50.02,67.57,50.005
1286,74.55,54.7,50.02,67.57,50.01
1287,74.57,54.7,50.02,67.57,49.99
1288,74.59,54.7,50.02,67.57,50.009
1289,74.59,54.7,50.02,67.57,50.006
1290,74.59,54.7,50.02,67.57,50.002
1291,74.59,54.7,50.02,67.57,50.001
1292,74.59,54.7,50.02,67.57,50.009
1293,74.595,54.7,50.02,67.57,50.007
1294,74.595,54.7,50.02,67.57,49.982
1295,74.595,54.7,50.02,67.57,49.973
1296,74.595,54.7,50.02,67.57,49.979
1297,74.595,54.7,50.02,67.57,49.974
1298,74.61,54.7,50.02,67.57,49.981
1299,74.62,54.7,50.02,67.57,49.969
1300,74.62,54.7,49.48,67.14,49.953
1301,74.62,54.7,49.48,67.14,49.976
1302,74.63,54.7,49.48,67.14,49.978
1303,74.63,54.7,49.48,67.14,49.971
1304,74.63,54.7,49.48,67.14,49.976
1305,74.645,54.7,49.48,67.14,49.972
1306,74.645,54.7,49.48,67.14,49.957
1307,74.65,54.7,49.48,67.14,49.957
1308,74.65,54.7,49.48,67.14,49.967
1309,74.65,54.7,49.48,67.14,49.966
1310,74.65,54.7,49.48,67.14,49.968
1311,74.655,54.7,49.48,67.14,49.967
1312,74.655,54.7,49.48,67.14,49.953
1313,74.665,54.7,49.48,67.14,49.956
1314,74.665,54.7,49.48,67.14,49.956
1315,74.665,54.7,49.48,67.14,49.962
1316,74.665,54.7,49.48,67.14,49.942
1317,74.675,54.7,49.48,67.14,49.966
1318,74.675,54.7,49.48,67.14,49.947
1319,74.685,54.7,49.48,67.14,49.956
1320,74.685,54.7,49.48,67.14,49.964
1321,74.685,54.7,49.48,67.14,49.964
1322,74.685,54.7,49.48,67.14,49.948
1323,74.7,54.8,49.48,67.14,49.956
1324,74.73,54.8,49.48,67.14,49.956
1325,74.745,54.8,49.48,67.14,49.97
1326,74.755,54.8,49.48,67.14,49.981
1327,74.77,54.8,49.48,67.14,50.006
1328,74.775,54.8,49.48,67.14,50.011
1329,74.79,54.8,49.48,67.14,50.017
1330,74.81,54.8,49.48,67.14,50.007
1331,74.835,54.8,49.48,67.14,50.012
1332,74.85,54.8,49.48,67.14,50.018
1333,74.865,54.8,49.48,67.14,50.005
1334,74.865,54.8,49.48,67.14,50.008
1335,74.87,54.8,49.48,67.14,50.012
1336,74.875,54.8,49.48,67.14,50.015
1337,74.88,54.8,49.48,67.14,50.0
1338,74.89,54.8,49.48,67.14,49.995
1339,74.895,54.8,49.48,67.14,50.02
1340,74.9,54.8,49.48,67.14,50.015
1341,74.905,54.8,49.48,67.14,50.016
1342,74.93,54.8,49.48,67.14,49.997
1343,74.94,54.8,49.48,67.14,50.025
1344,74.94,54.8,49.48,67.14,50.021
1345,74.94,54.8,49.48,67.14,50.016
1346,74.965,54.8,49.48,67.14,50.017
1347,74.965,54.8,49.48,67.14,50.02
1348,74.97,54.8,49.48,67.14,50.041
1349,74.98,54.8,49.48,67.14,50.024
1350,74.995,54.8,49.48,67.14,50.021
1351,75.005,54.8,49.48,67.14,50.019
1352,75.005,54.8,49.48,67.14,50.012
1353,75.01,54.8,49.48,67.14,50.014
1354,75.025,54.8,49.48,67.14,50.008
1355,75.025,54.8,49.48,67.14,50.015
1356,75.03,54.8,49.48,67.14,50.023
1357,75.04,54.8,49.48,67.14,50.01
1358,75.07,54.8,49.48,67.14,50.017
1359,75.085,54.8,49.48,67.14,50.012
1360,75.09,54.8,49.48,67.14,49.996
1361,75.105,54.8,49.48,67.14,49.976
1362,75.105,54.8,49.48,67.14,49.974
1363,75.13,54.8,49.48,67.14,49.97
1364,75.145,54.8,49.48,67.14,49.987
1365,75.165,54.8,49.48,67.14,49.98
1366,75.175,54.8,49.48,67.14,49.994
1367,75.215,54.8,49.48,67.14,50.018
1368,75.215,54.8,49.48,67.14,49.998
1369,75.22,54.8,49.48,67.14,50.018
1370,75.22,54.8,49.48,67.14,50.019
1371,75.23,54.8,49.48,67.14,50.013
1372,75.235,54.8,49.48,67.14,50.014
1373,75.245,54.8,49.48,67.14,50.014
1374,75.245,54.8,49.48,67.14,49.996
1375,75.255,54.8,49.48,67.14,50.009
1376,75.29,54.8,49.48,67.14,50.015
1377,75.305,54.8,49.48,67.14,50.011
1378,75.305,54.8,49.48,67.14,50.035
1379,75.32,54.8,49.48,67.14,50.035
1380,75.32,54.8,49.48,67.14,50.034
1381,75.32,54.8,49.48,67.14,50.046
1382,75.345,54.8,49.48,67.14,50.038
1383,75.355,54.8,49.48,67.14,50.036
1384,75.375,54.8,49.48,67.14,50.048
1385,75.38,54.8,49.48,67.14,50.042
1386,75.38,54.8,49.48,67.14,50.038
1387,75.38,54.8,49.48,67.14,50.016
1388,75.38,54.8,49.48,67.14,50.044
1389,75.39,54.8,49.48,67.14,50.05
1390,75.4,54.8,49.48,67.14,50.015
1391,75.41,54.8,49.48,67.14,50.028
1392,75.445,54.8,49.48,67.14,50.024
1393,75.445,54.8,49.48,67.14,50.015
1394,75.445,54.8,49.48,67.14,50.032
1395,75.46,54.8,49.48,67.14,50.008
1396,75.46,54.8,49.48,67.14,50.016
1397,75.465,54.8,49.48,67.14,50.036
1398,75.47,54.8,49.48,67.14,50.021
1399,75.495,54.8,49.48,67.14,50.017
1400,75.51,54.8,49.835,68.03,50.008
1401,75.52,54.8,49.835,68.03,50.018
1402,75.525,54.8,49.835,68.03,50.029
1403,75.535,54.8,49.835,68.03,50.03
1404,75.535,54.8,49.835,68.03,50.029
1405,75.535,54.8,49.835,68.03,50.024
1406,75.535,54.8,49.835,68.03,50.02
1407,75.545,54.8,49.835,68.03,50.038
1408,75.55,54.8,49.835,68.03,50.043
1409,75.55,54.8,49.835,68.03,50.039
1410,75.56,54.8,49.835,68.03,50.012
1411,75.56,54.8,49.835,68.03,50.02
1412,75.56,54.8,49.835,68.03,50.034
1413,75.57,54.8,49.835,68.03,50.023
1414,75.57,54.8,49.835,68.03,50.034
1415,75.585,54.8,49.835,68.03,50.023
1416,75.6,54.8,49.835,68.03,50.05
1417,75.605,54.8,49.835,68.03,50.047
1418,75.605,54.8,49.835,68.03,50.05
1419,75.61,54.8,49.835,68.03,50.058
1420,75.61,54.8,49.835,68.03,50.048
1421,75.625,54.8,49.835,68.03,50.047
1422,75.625,54.8,49.835,68.03,50.018
1423,75.625,54.8,49.835,68.03,50.034
1424,75.625,54.8,49.835,68.03,50.047
1425,75.625,54.8,49.835,68.03,50.042
1426,75.625,54.8,49.835,68.03,50.057
1427,75.625,54.8,49.835,68.03,50.045
1428,75.625,54.8,49.835,68.03,50.032
1429,75.625,54.8,49.835,68.03,50.024
1430,75.625,54.8,49.835,68.03,50.02
1431,75.625,54.8,49.835,68.03,50.008
1432,75.635,54.8,49.835,68.03,50.02
1433,75.635,54.8,49.835,68.03,50.012
1434,75.635,54.8,49.835,68.03,49.984
1435,75.635,54.8,49.835,68.03,50.016
1436,75.635,54.8,49.835,68.03,50.006
1437,75.64,54.8,49.835,68.03,49.992
1438,75.64,54.8,49.835,68.03,50.011
1439,75.66,54.8,49.835,68.03,50.021
1440,75.685,54.8,49.835,68.03,50.045
1441,75.695,54.8,49.835,68.03,50.01
1442,75.695,54.8,49.835,68.03,50.02
1443,75.695,54.8,49.835,68.03,50.018
1444,75.705,54.8,49.835,68.03,50.016
1445,75.705,54.8,49.835,68.03,50.021
1446,75.71,54.8,49.835,68.03,50.025
1447,75.71,54.8,49.835,68.03,50.048
1448,75.71,54.8,49.835,68.03,50.031
1449,75.715,54.8,49.835,68.03,50.039
1450,75.715,54.8,49.835,68.03,50.034
1451,75.715,54.8,49.835,68.03,50.034
1452,75.715,54.8,49.835,68.03,50.026
1453,75.715,54.8,49.835,68.03,50.013
1454,75.715,54.8,49.835,68.03,50.027
1455,75.715,54.8,49.835,68.03,50.014
1456,75.715,54.8,49.835,68.03,50.016
1457,75.715,54.8,49.835,68.03,50.034
1458,75.715,54.8,49.835,68.03,50.044
1459,75.715,54.8,49.835,68.03,50.016
1460,75.715,54.8,49.835,68.03,50.027
1461,75.715,54.8,49.835,68.03,50.036
1462,75.715,54.8,49.835,68.03,50.031
1463,75.76,54.8,49.835,68.03,50.004
1464,75.76,54.8,49.835,68.03,50.014
1465,75.765,54.8,49.835,68.03,50.025
1466,75.765,54.8,49.835,68.03,50.046
1467,75.765,54.8,49.835,68.03,50.03
1468,75.765,54.8,49.835,68.03,50.051
1469,75.77,54.8,49.835,68.03,50.04
1470,75.8,54.8,49.835,68.03,50.053
1471,75.81,54.8,49.835,68.03,50.048
1472,75.82,54.8,49.835,68.03,50.04
1473,75.84,54.8,49.835,68.03,50.022
1474,75.84,54.8,49.835,68.03,50.012
1475,75.84,54.8,49.835,68.03,49.988
1476,75.84,54.8,49.835,68.03,49.99
1477,75.84,54.8,49.835,68.03,49.997
1478,75.86,54.8,49.835,68.03,49.987
1479,75.86,54.8,49.835,68.03,50.002
1480,75.86,54.8,49.835,68.03,49.978
1481,75.865,54.8,49.835,68.03,49.965
1482,75.865,54.8,49.835,68.03,49.966
1483,75.865,54.8,49.835,68.03,49.975
1484,75.865,54.8,49.835,68.03,49.98
1485,75.875,54.8,49.835,68.03,49.978
1486,75.875,54.8,49.835,68.03,49.983
1487,75.875,54.8,49.835,68.03,49.996
1488,75.875,54.8,49.835,68.03,49.994
1489,75.88,54.8,49.835,68.03,49.976
1490,75.88,54.8,49.835,68.03,49.992
1491,75.88,54.8,49.835,68.03,49.987
1492,75.88,54.8,49.835,68.03,49.992
1493,75.88,54.8,49.835,68.03,49.99
1494,75.885,54.8,49.835,68.03,49.96
1495,75.885,54.8,49.835,68.03,49.974
1496,75.885,54.8,49.835,68.03,49.959
1497,75.885,54.8,49.835,68.03,49.98
1498,75.9,54.8,49.835,68.03,49.982
1499,75.9,54.8,49.835,68.03,49.979
1500,75.905,54.8,49.68,67.95,49.951
1501,75.905,54.8,49.68,67.95,49.977
1502,75.94,54.8,49.68,67.95,49.986
1503,75.94,54.8,49.68,67.95,49.981
1504,75.94,54.8,49.68,67.95,49.985
1505,75.94,54.8,49.68,67.95,49.993
1506,75.94,54.8,49.68,67.95,49.986
1507,75.94,54.8,49.68,67.95,50.0
1508,75.965,54.8,49.68,67.95,49.983
1509,75.97,54.8,49.68,67.95,49.972
1510,75.97,54.8,49.68,67.95,49.986
1511,75.97,54.8,49.68,67.95,49.978
1512,75.97,54.8,49.68,67.95,49.965
1513,75.975,54.8,49.68,67.95,49.99
1514,75.995,54.8,49.68,67.95,49.99
1515,75.995,54.8,49.68,67.95,49.998
1516,76.0,54.8,49.68,67.95,50.007
1517,76.005,54.8,49.68,67.95,49.999
1518,76.005,54.8,49.68,67.95,50.025
1519,76.01,54.8,49.68,67.95,50.018
1520,76.015,54.8,49.68,67.95,50.028
1521,76.03,54.8,49.68,67.95,50.031
1522,76.05,54.85,49.68,67.95,50.008
1523,76.055,54.85,49.68,67.95,50.031
1524,76.055,54.85,49.68,67.95,50.037
1525,76.06,54.85,49.68,67.95,50.034
1526,76.06,54.85,49.68,67.95,50.017
1527,76.06,54.85,49.68,67.95,50.037
1528,76.08,54.85,49.68,67.95,50.033
1529,76.085,54.85,49.68,67.95,50.032
1530,76.115,54.85,49.68,67.95,50.036
1531,76.115,54.85,49.68,67.95,50.021
1532,76.12,54.85,49.68,67.95,50.024
1533,76.12,54.85,49.68,67.95,50.047
1534,76.125,54.85,49.68,67.95,50.036
1535,76.125,54.85,49.68,67.95,50.038
1536,76.125,54.85,49.68,67.95,50.033
1537,76.13,54.85,49.68,67.95,50.036
1538,76.15,54.85,49.68,67.95,50.025
1539,76.17,54.85,49.68,67.95,50.038
1540,76.18,54.85,49.68,67.95,50.015
1541,76.185,54.85,49.68,67.95,50.014
1542,76.195,54.85,49.68,67.95,50.001
1543,76.205,54.85,49.68,67.95,50.001
1544,76.205,54.85,49.68,67.95,50.022
1545,76.205,54.85,49.68,67.95,50.038
1546,76.23,54.85,49.68,67.95,50.018
1547,76.255,54.85,49.68,67.95,50.022
1548,76.28,54.85,49.68,67.95,50.034
1549,76.3,54.85,49.68,67.95,50.02
1550,76.305,54.85,49.68,67.95,50.04
1551,76.31,54.85,49.68,67.95,50.043
1552,76.31,54.85,49.68,67.95,50.03
1553,76.31,54.85,49.68,67.95,50.036
1554,76.33,54.95,49.68,67.95,50.019
1555,76.33,54.95,49.68,67.95,50.024
1556,76.345,54.95,49.68,67.95,50.018
1557,76.345,54.95,49.68,67.95,50.02
1558,76.35,54.95,49.68,67.95,50.047
1559,76.355,54.95,49.68,67.95,50.042
1560,76.375,54.95,49.68,67.95,50.032
1561,76.385,54.95,49.68,67.95,50.014
1562,76.395,54.95,49.68,67.95,50.02
1563,76.4,54.95,49.68,67.95,50.046
1564,76.4,54.95,49.68,67.95,50.032
1565,76.415,54.95,49.68,67.95,50.028
1566,76.415,54.95,49.68,67.95,50.035
1567,76.425,54.95,49.68,67.95,50.03
1568,76.445,54.95,49.68,67.95,50.039
1569,76.455,54.95,49.68,67.95,50.032
1570,76.48,54.95,49.68,67.95,50.049
1571,76.485,54.95,49.68,67.95,50.039
1572,76.505,54.95,49.68,67.95,50.049
1573,76.515,54.95,49.68,67.95,50.038
1574,76.52,54.95,49.68,67.95,50.046
1575,76.53,54.95,49.68,67.95,50.059
1576,76.53,54.95,49.68,67.95,50.05
1577,76.535,54.95,49.68,67.95,50.055
1578,76.535,54.95,49.68,67.95,50.043
1579,76.535,54.95,49.68,67.95,50.044
1580,76.55,54.95,49.68,67.95,50.036
1581,76.56,54.95,49.68,67.95,50.041
1582,76.56,54.95,49.68,67.95,50.027
1583,76.58,54.95,49.68,67.95,50.055
1584,76.6,54.95,49.68,67.95,50.066
1585,76.6,54.95,49.68,67.95,50.071
1586,76.605,54.95,49.68,67.95,50.07
1587,76.605,54.95,49.68,67.95,50.087
1588,76.605,54.95,49.68,67.95,50.09
1589,76.61,54.95,49.68,67.95,50.091
1590,76.62,54.95,49.68,67.95,50.103
1591,76.62,54.95,49.68,67.95,50.111
1592,76.63,54.95,49.68,67.95,50.102
1593,76.645,54.95,49.68,67.95,50.094
1594,76.66,54.95,49.68,67.95,50.1
1595,76.665,54.95,49.68,67.95,50.085
1596,76.68,54.95,49.68,67.95,50.096
1597,76.68,54.95,49.68,67.95,50.097
1598,76.69,54.95,49.68,67.95,50.11
1599,76.7,54.95,49.68,67.95,50.113
1600,76.705,54.95,49.78,69.76,50.106
1601,76.705,54.95,49.78,69.76,50.103
1602,76.705,54.95,49.78,69.76,50.104
1603,76.705,54.95,49.78,69.76,50.088
1604,76.705,54.95,49.78,69.76,50.085
1605,76.705,54.95,49.78,69.76,50.086
1606,76.705,54.95,49.78,69.76,50.103
1607,76.73,54.95,49.78,69.76,50.082
1608,76.73,54.95,49.78,69.76,50.091
1609,76.73,54.95,49.78,69.76,50.06
1610,76.73,54.95,49.78,69.76,50.061
1611,76.735,54.95,49.78,69.76,50.073
1612,76.755,54.95,49.78,69.76,50.074
1613,76.755,54.95,49.78,69.76,50.087
1614,76.76,54.95,49.78,69.76,50.094
1615,76.775,54.95,49.78,69.76,50.109
1616,76.785,54.95,49.78,69.76,50.089
1617,76.785,54.95,49.78,69.76,50.055
1618,76.8,54.95,49.78,69.76,50.065
1619,76.805,54.95,49.78,69.76,50.049
1620,76.805,54.95,49.78,69.76,50.072
1621,76.81,54.95,49.78,69.76,50.08
1622,76.835,54.95,49.78,69.76,50.088
1623,76.835,54.95,49.78,69.76,50.076
1624,76.835,54.95,49.78,69.76,50.086
1625,76.835,54.95,49.78,69.76,50.1
1626,76.835,54.95,49.78,69.76,50.087
1627,76.835,54.95,49.78,69.76,50.106
1628,76.835,54.95,49.78,69.76,50.076
1629,76.835,54.95,49.78,69.76,50.088
1630,76.835,54.95,49.78,69.76,50.071
1631,76.835,54.95,49.78,69.76,50.074
1632,76.835,54.95,49.78,69.76,50.082
1633,76.835,54.95,49.78,69.76,50.083
1634,76.86,54.95,49.78,69.76,50.108
1635,76.86,54.95,49.78,69.76,50.093
1636,76.86,54.95,49.78,69.76,50.101
1637,76.865,54.95,49.78,69.76,50.091
1638,76.865,54.95,49.78,69.76,50.088
1639,76.865,54.95,49.78,69.76,50.093
1640,76.865,54.95,49.78,69.76,50.066
1641,76.89,54.95,49.78,69.76,50.077
1642,76.89,54.95,49.78,69.76,50.066
1643,76.89,54.95,49.78,69.76,50.068
1644,76.9,54.95,49.78,69.76,50.065
1645,76.9,54.95,49.78,69.76,50.071
1646,76.9,54.95,49.78,69.76,50.078
1647,76.91,54.95,49.78,69.76,50.075
1648,76.91,54.95,49.78,69.76,50.077
1649,76.91,54.95,49.78,69.76,50.075
1650,76.91,54.95,49.78,69.76,50.088
1651,76.91,54.95,49.78,69.76,50.072
1652,76.91,54.95,49.78,69.76,50.047
1653,76.915,54.95,49.78,69.76,50.078
1654,76.915,54.95,49.78,69.76,50.086
1655,76.92,54.95,49.78,69.76,50.079
1656,76.935,54.95,49.78,69.76,50.096
1657,76.955,54.95,49.78,69.76,50.078
1658,76.955,54.95,49.78,69.76,50.069
1659,76.975,54.95,49.78,69.76,50.083
1660,76.975,54.95,49.78,69.76,50.07
1661,76.975,54.95,49.78,69.76,50.072
1662,76.975,54.95,49.78,69.76,50.085
1663,76.975,54.95,49.78,69.76,50.096
1664,76.98,54.95,49.78,69.76,50.084
1665,76.98,54.95,49.78,69.76,50.084
1666,76.98,54.95,49.78,69.76,50.092
1667,76.98,54.95,49.78,69.76,50.105
1668,77.0,54.95,49.78,69.76,50.101
1669,77.015,54.95,49.78,69.76,50.092
1670,77.015,54.95,49.78,69.76,50.09
1671,77.015,54.95,49.78,69.76,50.081
1672,77.015,54.95,49.78,69.76,50.077
1673,77.035,54.95,49.78,69.76,50.066
1674,77.04,54.95,49.78,69.76,50.065
1675,77.045,54.95,49.78,69.76,50.07
1676,77.06,54.95,49.78,69.76,50.056
1677,77.06,54.95,49.78,69.76,50.065
1678,77.06,54.95,49.78,69.76,50.076
1679,77.06,54.95,49.78,69.76,50.074
1680,77.06,54.95,49.78,69.76,50.072
1681,77.075,54.95,49.78,69.76,50.063
1682,77.075,54.95,49.78,69.76,50.075
1683,77.075,54.95,49.78,69.76,50.069
1684,77.075,54.95,49.78,69.76,50.066
1685,77.1,54.95,49.78,69.76,50.049
1686,77.1,54.95,49.78,69.76,50.06
1687,77.115,54.95,49.78,69.76,50.042
1688,77.115,54.95,49.78,69.76,50.032
1689,77.125,54.95,49.78,69.76,50.029
1690,77.125,54.95,49.78,69.76,50.014
1691,77.145,54.95,49.78,69.76,50.006
1692,77.155,54.95,49.78,69.76,50.024
1693,77.155,54.95,49.78,69.76,50.022
1694,77.155,54.95,49.78,69.76,50.038
1695,77.165,54.95,49.78,69.76,50.042
1696,77.185,54.95,49.78,69.76,50.048
1697,77.185,54.95,49.78,69.76,50.023
1698,77.185,54.95,49.78,69.76,50.025
1699,77.185,54.95,49.78,69.76,50.015
1700,77.2,54.95,49.92,69.02,50.028
1701,77.2,54.95,49.92,69.02,50.043
1702,77.23,54.95,49.92,69.02,50.041
1703,77.23,54.95,49.92,69.02,50.034
1704,77.23,54.95,49.92,69.02,50.038
1705,77.23,54.95,49.92,69.02,50.053
1706,77.23,54.95,49.92,69.02,50.045
1707,77.235,54.95,49.92,69.02,50.052
1708,77.235,54.95,49.92,69.02,50.069
1709,77.245,54.95,49.92,69.02,50.059
1710,77.265,54.95,49.92,69.02,50.066
1711,77.265,54.95,49.92,69.02,50.055
1712,77.265,54.95,49.92,69.02,50.065
1713,77.27,54.95,49.92,69.02,50.06
1714,77.275,54.95,49.92,69.02,50.065
1715,77.285,54.95,49.92,69.02,50.069
1716,77.29,54.95,49.92,69.02,50.064
1717,77.305,54.95,49.92,69.02,50.06
1718,77.305,54.95,49.92,69.02,50.086
1719,77.305,54.95,49.92,69.02,50.086
1720,77.33,54.95,49.92,69.02,50.056
1721,77.33,54.95,49.92,69.02,50.058
1722,77.34,54.95,49.92,69.02,50.082
1723,77.345,54.95,49.92,69.02,50.082
1724,77.345,54.95,49.92,69.02,50.082
1725,77.345,54.95,49.92,69.02,50.082
1726,77.345,54.95,49.92,69.02,50.082
1727,77.35,54.95,49.92,69.02,50.082
1728,77.35,54.95,49.92,69.02,50.062
1729,77.36,54.95,49.92,69.02,50.07
1730,77.375,54.95,49.92,69.02,50.091
1731,77.375,54.95,49.92,69.02,50.09
1732,77.375,54.95,49.92,69.02,50.083
1733,77.405,54.95,49.92,69.02,50.102
1734,77.46,54.95,49.92,69.02,50.072
1735,77.46,54.95,49.92,69.02,50.058
1736,77.46,54.95,49.92,69.02,50.056
1737,77.485,54.95,49.92,69.02,50.07
1738,77.485,54.95,49.92,69.02,50.065
1739,77.485,54.95,49.92,69.02,50.074
1740,77.49,54.95,49.92,69.02,50.075
1741,77.49,54.95,49.92,69.02,50.067
1742,77.505,54.95,49.92,69.02,50.064
1743,77.53,54.95,49.92,69.02,50.068
1744,77.53,54.95,49.92,69.02,50.062
1745,77.53,55.0,49.92,69.02,50.058
1746,77.53,55.0,49.92,69.02,50.043
1747,77.54,55.0,49.92,69.02,50.042
1748,77.58,55.0,49.92,69.02,50.043
1749,77.585,55.0,49.92,69.02,50.03
1750,77.59,55.0,49.92,69.02,50.037
1751,77.59,55.0,49.92,69.02,50.036
1752,77.59,55.0,49.92,69.02,50.033
1753,77.59,55.0,49.92,69.02,50.022
1754,77.595,55.0,49.92,69.02,50.037
1755,77.6,55.0,49.92,69.02,50.048
1756,77.605,55.0,49.92,69.02,50.052
1757,77.605,55.0,49.92,69.02,50.062
1758,77.625,55.0,49.92,69.02,50.063
1759,77.625,55.1,49.92,69.02,50.04
1760,77.63,55.1,49.92,69.02,50.04
1761,77.645,55.1,49.92,69.02,50.045
1762,77.65,55.1,49.92,69.02,50.059
1763,77.66,55.1,49.92,69.02,50.063
1764,77.66,55.1,49.92,69.02,50.043
1765,77.66,55.1,49.92,69.02,50.037
1766,77.66,55.1,49.92,69.02,50.03
1767,77.66,55.1,49.92,69.02,50.029
1768,77.665,55.1,49.92,69.02,50.032
1769,77.665,55.1,49.92,69.02,50.038
1770,77.665,55.1,49.92,69.02,50.04
1771,77.69,55.1,49.92,69.02,50.008
1772,77.72,55.1,49.92,69.02,50.019
1773,77.72,55.1,49.92,69.02,50.0
1774,77.72,55.1,49.92,69.02,50.02
1775,77.725,55.1,49.92,69.02,50.034
1776,77.735,55.1,49.92,69.02,50.032
1777,77.745,55.1,49.92,69.02,50.043
1778,77.775,55.1,49.92,69.02,50.031
1779,77.775,55.1,49.92,69.02,50.005
1780,77.785,55.1,49.92,69.02,49.99
1781,77.785,55.1,49.92,69.02,49.991
1782,77.795,55.1,49.92,69.02,49.984
1783,77.795,55.1,49.92,69.02,49.991
1784,77.805,55.1,49.92,69.02,50.016
1785,77.83,55.1,49.92,69.02,50.011
1786,77.83,55.1,49.92,69.02,50.011
1787,77.835,55.1,49.92,69.02,50.006
1788,77.835,55.1,49.92,69.02,50.0
1789,77.85,55.1,49.92,69.02,50.015
1790,77.875,55.1,49.92,69.02,49.992
1791,77.89,55.1,49.92,69.02,49.99
1792,77.895,55.1,49.92,69.02,49.998
1793,77.9,55.1,49.92,69.02,49.992
1794,77.915,55.1,49.92,69.02,50.008
1795,77.92,55.1,49.92,69.02,50.023
1796,77.935,55.1,49.92,69.02,50.002
1797,77.935,55.1,49.92,69.02,49.985
1798,77.96,55.1,49.92,69.02,49.989
1799,77.965,55.1,49.92,69.02,49.982
1800,77.97,55.1,49.71,70.38,49.968
1801,77.97,55.1,49.71,70.38,49.98
1802,77.975,55.1,49.71,70.38,49.981
1803,77.975,55.1,49.71,70.38,49.994
1804,77.99,55.1,49.71,70.38,49.992
1805,77.995,55.1,49.71,70.38,50.004
1806,77.995,55.1,49.71,70.38,49.997
1807,78.02,55.1,49.71,70.38,49.986
1808,78.025,55.1,49.71,70.38,49.985
1809,78.025,55.1,49.71,70.38,49.993
1810,78.045,55.1,49.71,70.38,49.999
1811,78.05,55.1,49.71,70.38,50.014
1812,78.06,55.1,49.71,70.38,49.999
1813,78.06,55.1,49.71,70.38,49.991
1814,78.065,55.1,49.71,70.38,50.002
1815,78.065,55.1,49.71,70.38,49.998
1816,78.065,55.1,49.71,70.38,49.995
1817,78.065,55.1,49.71,70.38,49.998
1818,78.065,55.1,49.71,70.38,49.981
1819,78.07,55.1,49.71,70.38,49.982
1820,78.07,55.1,49.71,70.38,49.995
1821,78.07,55.1,49.71,70.38,50.014
1822,78.07,55.1,49.71,70.38,50.017
1823,78.08,55.1,49.71,70.38,50.011
1824,78.09,55.1,49.71,70.38,50.007
1825,78.09,55.1,49.71,70.38,50.016
1826,78.115,55.1,49.71,70.38,50.024
1827,78.135,55.1,49.71,70.38,50.019
1828,78.135,55.1,49.71,70.38,50.004
1829,78.135,55.1,49.71,70.38,50.007
1830,78.135,55.1,49.71,70.38,50.031
1831,78.14,55.1,49.71,70.38,50.027
1832,78.155,55.1,49.71,70.38,50.016
1833,78.155,55.1,49.71,70.38,50.016
1834,78.155,55.1,49.71,70.38,50.03
1835,78.165,55.1,49.71,70.38,50.057
1836,78.185,55.1,49.71,70.38,50.037
1837,78.205,55.1,49.71,70.38,50.012
1838,78.21,55.1,49.71,70.38,50.007
1839,78.225,55.1,49.71,70.38,50.002
1840,78.255,55.1,49.71,70.38,50.011
1841,78.255,55.1,49.71,70.38,49.998
1842,78.255,55.1,49.71,70.38,50.006
1843,78.26,55.1,49.71,70.38,50.0
1844,78.27,55.1,49.71,70.38,50.004
1845,78.295,55.1,49.71,70.38,50.007
1846,78.305,55.1,49.71,70.38,50.009
1847,78.31,55.1,49.71,70.38,50.007
1848,78.325,55.1,49.71,70.38,50.019
1849,78.345,55.1,49.71,70.38,50.008
1850,78.355,55.1,49.71,70.38,50.024
1851,78.38,55.1,49.71,70.38,50.04
1852,78.385,55.1,49.71,70.38,50.016
1853,78.39,55.1,49.71,70.38,50.027
1854,78.39,55.1,49.71,70.38,50.022
1855,78.395,55.1,49.71,70.38,50.024
1856,78.395,55.1,49.71,70.38,50.036
1857,78.395,55.1,49.71,70.38,50.051
1858,78.395,55.1,49.71,70.38,50.035
1859,78.4,55.1,49.71,70.38,50.058
1860,78.41,55.1,49.71,70.38,50.062
1861,78.41,55.1,49.71,70.38,50.065
1862,78.415,55.1,49.71,70.38,50.054
1863,78.415,55.1,49.71,70.38,50.036
1864,78.415,55.1,49.71,70.38,50.057
1865,78.435,55.1,49.71,70.38,50.038
1866,78.45,55.1,49.71,70.38,50.038
1867,78.45,55.1,49.71,70.38,50.051
1868,78.45,55.1,49.71,70.38,50.048
1869,78.465,55.1,49.71,70.38,50.032
1870,78.48,55.1,49.71,70.38,50.038
1871,78.48,55.1,49.71,70.38,50.062
1872,78.505,55.1,49.71,70.38,50.044
1873,78.51,55.1,49.71,70.38,50.038
1874,78.51,55.1,49.71,70.38,50.041
1875,78.525,55.1,49.71,70.38,50.034
1876,78.545,55.1,49.71,70.38,50.016
1877,78.56,55.1,49.71,70.38,50.033
1878,78.56,55.1,49.71,70.38,50.017
1879,78.565,55.1,49.71,70.38,50.012
1880,78.565,55.1,49.71,70.38,50.007
1881,78.565,55.1,49.71,70.38,50.007
1882,78.565,55.1,49.71,70.38,50.019
1883,78.57,55.1,49.71,70.38,50.011
1884,78.58,55.1,49.71,70.38,50.015
1885,78.58,55.1,49.71,70.38,50.035
1886,78.59,55.1,49.71,70.38,50.02
1887,78.605,55.1,49.71,70.38,50.021
1888,78.605,55.1,49.71,70.38,50.007
1889,78.62,55.1,49.71,70.38,49.993
1890,78.62,55.1,49.71,70.38,50.001
1891,78.62,55.1,49.71,70.38,50.008
1892,78.62,55.1,49.71,70.38,50.005
1893,78.62,55.1,49.71,70.38,50.011
1894,78.625,55.1,49.71,70.38,50.019
1895,78.64,55.1,49.71,70.38,50.008
1896,78.655,55.1,49.71,70.38,50.01
1897,78.655,55.1,49.71,70.38,50.046
1898,78.655,55.1,49.71,70.38,50.027
1899,78.67,55.1,49.71,70.38,50.03
1900,78.68,55.1,49.635,70.36,50.024
1901,78.68,55.1,49.635,70.36,50.045
1902,78.68,55.1,49.635,70.36,50.05
1903,78.68,55.1,49.635,70.36,50.022
1904,78.705,55.1,49.635,70.36,50.036
1905,78.705,55.1,49.635,70.36,50.04
1906,78.72,55.1,49.635,70.36,50.034
1907,78.72,55.1,49.635,70.36,50.048
1908,78.73,55.1,49.635,70.36,50.039
1909,78.745,55.1,49.635,70.36,50.044
1910,78.755,55.1,49.635,70.36,50.043
1911,78.755,55.1,49.635,70.36,50.048
1912,78.755,55.1,49.635,70.36,50.044
1913,78.76,55.1,49.635,70.36,50.05
1914,78.76,55.1,49.635,70.36,50.049
1915,78.76,55.1,49.635,70.36,50.024
1916,78.76,55.1,49.635,70.36,50.038
1917,78.765,55.1,49.635,70.36,50.064
1918,78.765,55.1,49.635,70.36,50.032
1919,78.77,55.1,49.635,70.36,50.03
1920,78.77,55.1,49.635,70.36,50.039
1921,78.775,55.1,49.635,70.36,49.988
1922,78.78,55.1,49.635,70.36,50.016
1923,78.78,55.1,49.635,70.36,50.013
1924,78.78,55.1,49.635,70.36,49.994
1925,78.785,55.1,49.635,70.36,49.977
1926,78.82,55.1,49.635,70.36,49.996
1927,78.82,55.1,49.635,70.36,50.0
1928,78.82,55.1,49.635,70.36,49.993
1929,78.82,55.1,49.635,70.36,49.996
1930,78.82,55.1,49.635,70.36,49.994
1931,78.82,55.1,49.635,70.36,49.997
1932,78.86,55.1,49.635,70.36,49.976
1933,78.86,55.1,49.635,70.36,49.964
1934,78.865,55.1,49.635,70.36,49.975
1935,78.88,55.1,49.635,70.36,49.984
1936,78.88,55.1,49.635,70.36,49.98
1937,78.88,55.1,49.635,70.36,50.006
1938,78.88,55.1,49.635,70.36,50.008
1939,78.885,55.1,49.635,70.36,49.993
1940,78.905,55.1,49.635,70.36,49.984
1941,78.925,55.1,49.635,70.36,49.995
1942,78.925,55.1,49.635,70.36,49.983
1943,78.925,55.1,49.635,70.36,49.995
1944,78.925,55.1,49.635,70.36,49.99
1945,78.95,55.1,49.635,70.36,49.982
1946,78.95,55.1,49.635,70.36,49.983
1947,78.955,55.1,49.635,70.36,49.995
1948,78.955,55.1,49.635,70.36,49.992
1949,78.955,55.1,49.635,70.36,49.993
1950,78.955,55.1,49.635,70.36,50.004
1951,78.965,55.1,49.635,70.36,50.008
1952,78.99,55.1,49.635,70.36,49.98
1953,78.99,55.1,49.635,70.36,49.991
1954,78.995,55.1,49.635,70.36,49.978
1955,79.005,55.1,49.635,70.36,49.957
1956,79.005,55.1,49.635,70.36,50.004
1957,79.01,55.1,49.635,70.36,50.009
1958,79.01,55.1,49.635,70.36,49.99
1959,79.01,55.1,49.635,70.36,49.992
1960,79.02,55.1,49.635,70.36,49.987
1961,79.02,55.1,49.635,70.36,49.993
1962,79.02,55.1,49.635,70.36,49.968
1963,79.04,55.1,49.635,70.36,49.974
1964,79.04,55.1,49.635,70.36,49.979
1965,79.04,55.1,49.635,70.36,49.98
1966,79.04,55.1,49.635,70.36,49.989
1967,79.04,55.1,49.635,70.36,49.98
1968,79.05,55.1,49.635,70.36,49.98
1969,79.055,55.15,49.635,70.36,49.963
1970,79.06,55.15,49.635,70.36,49.959
1971,79.06,55.15,49.635,70.36,49.945
1972,79.075,55.15,49.635,70.36,49.96
1973,79.075,55.15,49.635,70.36,49.974
1974,79.075,55.15,49.635,70.36,49.968
1975,79.075,55.15,49.635,70.36,49.977
1976,79.075,55.15,49.635,70.36,49.975
1977,79.08,55.15,49.635,70.36,49.984
1978,79.08,55.15,49.635,70.36,49.985
1979,79.12,55.15,49.635,70.36,49.973
1980,79.12,55.15,49.635,70.36,49.969
1981,79.12,55.15,49.635,70.36,49.983
1982,79.12,55.15,49.635,70.36,49.973
1983,79.125,55.15,49.635,70.36,49.975
1984,79.125,55.15,49.635,70.36,49.979
1985,79.125,55.15,49.635,70.36,49.995
1986,79.13,55.15,49.635,70.36,49.982
1987,79.13,55.15,49.635,70.36,49.98
1988,79.13,55.15,49.635,70.36,49.984
1989,79.13,55.15,49.635,70.36,49.973
1990,79.13,55.15,49.635,70.36,49.97
1991,79.15,55.15,49.635,70.36,49.968
1992,79.15,55.15,49.635,70.36,49.971
1993,79.15,55.15,49.635,70.36,49.976
1994,79.15,55.15,49.635,70.36,49.971
1995,79.15,55.15,49.635,70.36,49.966
1996,79.15,55.15,49.635,70.36,49.965
1997,79.16,55.15,49.635,70.36,49.973
1998,79.17,55.15,49.635,70.36,49.977
1999,79.17,55.15,49.635,70.36,49.986
2000,79.21,55.15,49.47,71.22,49.977
