n,p,k,sigma_puntos,inflacion_esperada_puntos,inflacion_simulada_puntos,percentil_90_puntos
100,0.5,1,5.0,0.0,-0.001,6.0
100,0.5,2,5.0,2.821,2.819,8.0
100,0.5,3,5.0,4.231,4.225,9.0
100,0.5,5,5.0,5.815,5.797,10.0
100,0.5,10,5.0,7.694,7.695,11.0
100,0.5,20,5.0,9.337,9.293,13.0
100,0.5,50,5.0,11.245,11.208,14.0
100,0.5,100,5.0,12.538,12.477,15.0
100,0.7,1,4.583,0.0,-0.001,6.0
100,0.7,2,4.583,2.585,2.589,7.0
100,0.7,3,4.583,3.878,3.891,8.0
100,0.7,5,4.583,5.329,5.295,9.0
100,0.7,10,4.583,7.051,6.933,10.0
100,0.7,20,4.583,8.558,8.336,11.0
100,0.7,50,4.583,10.307,9.981,13.0
100,0.7,100,4.583,11.491,11.064,13.0
100,0.9,1,3.0,0.0,-0.005,4.0
100,0.9,2,3.0,1.693,1.692,5.0
100,0.9,3,3.0,2.539,2.509,5.0
100,0.9,5,3.0,3.489,3.366,6.0
100,0.9,10,3.0,4.616,4.342,6.0
100,0.9,20,3.0,5.602,5.161,7.0
100,0.9,50,3.0,6.747,6.069,7.0
100,0.9,100,3.0,7.523,6.652,8.0
200,0.5,1,3.536,0.0,-0.009,4.5
200,0.5,2,3.536,1.995,2.008,6.0
200,0.5,3,3.536,2.992,3.021,6.5
200,0.5,5,3.536,4.112,4.148,7.0
200,0.5,10,3.536,5.44,5.435,8.0
200,0.5,20,3.536,6.603,6.59,9.0
200,0.5,50,3.536,7.952,7.946,10.0
200,0.5,100,3.536,8.866,8.836,11.0
200,0.7,1,3.24,0.0,-0.003,4.0
200,0.7,2,3.24,1.828,1.827,5.5
200,0.7,3,3.24,2.742,2.719,6.0
200,0.7,5,3.24,3.768,3.747,6.5
200,0.7,10,3.24,4.986,4.909,7.5
200,0.7,20,3.24,6.051,5.934,8.0
200,0.7,50,3.24,7.288,7.107,9.0
200,0.7,100,3.24,8.126,7.9,9.5
200,0.9,1,2.121,0.0,0.001,2.5
200,0.9,2,2.121,1.197,1.184,3.5
200,0.9,3,2.121,1.795,1.767,3.5
200,0.9,5,2.121,2.467,2.396,4.0
200,0.9,10,2.121,3.264,3.136,4.5
200,0.9,20,2.121,3.962,3.755,5.0
200,0.9,50,2.121,4.771,4.453,5.5
200,0.9,100,2.121,5.319,4.91,6.0
500,0.5,1,2.236,0.0,0.0,2.8
500,0.5,2,2.236,1.262,1.266,3.6
500,0.5,3,2.236,1.892,1.892,4.0
500,0.5,5,2.236,2.6,2.604,4.6
500,0.5,10,2.236,3.441,3.441,5.2
500,0.5,20,2.236,4.176,4.173,5.8
500,0.5,50,2.236,5.029,5.03,6.4
500,0.5,100,2.236,5.607,5.609,6.8
500,0.7,1,2.049,0.0,0.008,2.6
500,0.7,2,2.049,1.156,1.155,3.4
500,0.7,3,2.049,1.734,1.734,3.8
500,0.7,5,2.049,2.383,2.374,4.2
500,0.7,10,2.049,3.154,3.132,4.6
500,0.7,20,2.049,3.827,3.78,5.2
500,0.7,50,2.049,4.609,4.544,5.8
500,0.7,100,2.049,5.139,5.058,6.2
500,0.9,1,1.342,0.0,-0.001,1.6
500,0.9,2,1.342,0.757,0.763,2.2
500,0.9,3,1.342,1.135,1.134,2.4
500,0.9,5,1.342,1.56,1.54,2.6
500,0.9,10,1.342,2.064,2.018,3.0
500,0.9,20,1.342,2.505,2.435,3.2
500,0.9,50,1.342,3.017,2.897,3.6
500,0.9,100,1.342,3.364,3.206,3.8
1000,0.5,1,1.581,0.0,0.004,2.0
1000,0.5,2,1.581,0.892,0.889,2.6
1000,0.5,3,1.581,1.338,1.343,2.9
1000,0.5,5,1.581,1.839,1.833,3.2
1000,0.5,10,1.581,2.433,2.421,3.6
1000,0.5,20,1.581,2.953,2.935,4.0
1000,0.5,50,1.581,3.556,3.555,4.5
1000,0.5,100,1.581,3.965,3.954,4.8
1000,0.7,1,1.449,0.0,-0.013,1.8
1000,0.7,2,1.449,0.818,0.806,2.3
1000,0.7,3,1.449,1.226,1.211,2.6
1000,0.7,5,1.449,1.685,1.673,2.9
1000,0.7,10,1.449,2.23,2.217,3.3
1000,0.7,20,1.449,2.706,2.691,3.7
1000,0.7,50,1.449,3.259,3.233,4.1
1000,0.7,100,1.449,3.634,3.602,4.4
1000,0.9,1,0.949,0.0,-0.007,1.2
1000,0.9,2,0.949,0.535,0.534,1.5
1000,0.9,3,0.949,0.803,0.799,1.7
1000,0.9,5,0.949,1.103,1.091,1.9
1000,0.9,10,0.949,1.46,1.438,2.1
1000,0.9,20,0.949,1.772,1.736,2.4
1000,0.9,50,0.949,2.134,2.071,2.6
1000,0.9,100,0.949,2.379,2.3,2.8
2000,0.5,1,1.118,0.0,-0.001,1.45
2000,0.5,2,1.118,0.631,0.631,1.85
2000,0.5,3,1.118,0.946,0.949,2.05
2000,0.5,5,1.118,1.3,1.305,2.3
2000,0.5,10,1.118,1.72,1.727,2.6
2000,0.5,20,1.118,2.088,2.087,2.85
2000,0.5,50,1.118,2.515,2.514,3.2
2000,0.5,100,1.118,2.804,2.803,3.45
2000,0.7,1,1.025,0.0,0.009,1.3
2000,0.7,2,1.025,0.578,0.579,1.65
2000,0.7,3,1.025,0.867,0.86,1.85
2000,0.7,5,1.025,1.192,1.187,2.1
2000,0.7,10,1.025,1.577,1.571,2.35
2000,0.7,20,1.025,1.914,1.908,2.6
2000,0.7,50,1.025,2.305,2.291,2.9
2000,0.7,100,1.025,2.57,2.549,3.1
2000,0.9,1,0.671,0.0,-0.003,0.85
2000,0.9,2,0.671,0.378,0.373,1.1
2000,0.9,3,0.671,0.568,0.562,1.2
2000,0.9,5,0.671,0.78,0.773,1.35
2000,0.9,10,0.671,1.032,1.016,1.5
2000,0.9,20,0.671,1.253,1.23,1.65
2000,0.9,50,0.671,1.509,1.477,1.85
2000,0.9,100,0.671,1.682,1.644,2.0
5000,0.5,1,0.707,0.0,-0.014,0.9
5000,0.5,2,0.707,0.399,0.392,1.14
5000,0.5,3,0.707,0.598,0.593,1.28
5000,0.5,5,0.707,0.822,0.822,1.44
5000,0.5,10,0.707,1.088,1.085,1.62
5000,0.5,20,0.707,1.321,1.318,1.8
5000,0.5,50,0.707,1.59,1.593,2.04
5000,0.5,100,0.707,1.773,1.773,2.18
5000,0.7,1,0.648,0.0,-0.004,0.82
5000,0.7,2,0.648,0.366,0.363,1.06
5000,0.7,3,0.648,0.548,0.545,1.18
5000,0.7,5,0.648,0.754,0.75,1.32
5000,0.7,10,0.648,0.997,0.996,1.5
5000,0.7,20,0.648,1.21,1.206,1.64
5000,0.7,50,0.648,1.458,1.453,1.84
5000,0.7,100,0.648,1.625,1.617,1.98
5000,0.9,1,0.424,0.0,0.002,0.54
5000,0.9,2,0.424,0.239,0.238,0.68
5000,0.9,3,0.424,0.359,0.358,0.76
5000,0.9,5,0.424,0.493,0.49,0.86
5000,0.9,10,0.424,0.653,0.647,0.96
5000,0.9,20,0.424,0.792,0.785,1.08
5000,0.9,50,0.424,0.954,0.941,1.2
5000,0.9,100,0.424,1.064,1.048,1.28
