contexto_bruto,contexto_truncado
101,93
150,93
116,93
111,93
97,93
109,93
143,93
104,93
132,93
139,93
105,93
128,93
123,93
135,93
135,93
140,93
124,93
140,93
121,93
138,93
122,93
126,93
111,93
133,93
127,93
127,93
113,93
123,93
159,93
104,93
162,93
124,93
115,93
111,93
124,93
111,93
143,93
128,93
105,93
112,93
117,93
137,93
141,93
133,93
117,93
130,93
129,93
156,93
144,93
118,93
139,93
142,93
145,93
114,93
105,93
111,93
140,93
124,93
129,93
125,93
121,93
105,93
115,93
120,93
122,93
114,93
123,93
134,93
166,93
114,93
135,93
131,93
115,93
120,93
125,93
129,93
150,93
135,93
115,93
129,93
93,93
118,93
132,93
110,93
135,93
121,93
111,93
144,93
131,93
131,93
123,93
157,93
96,93
113,93
126,93
127,93
133,93
124,93
135,93
146,93
128,93
119,93
113,93
123,93
131,93
143,93
109,93
113,93
120,93
128,93
121,93
140,93
118,93
152,93
131,93
122,93
122,93
143,93
98,93
121,93
127,93
151,93
153,93
125,93
138,93
148,93
127,93
132,93
116,71
104,71
129,71
118,71
125,71
107,71
104,71
127,71
130,71
110,71
109,71
106,71
123,71
111,71
128,71
89,71
117,71
123,71
97,71
119,71
117,71
101,71
119,71
131,71
121,71
75,71
91,71
94,71
106,71
114,71
97,71
123,71
128,71
127,71
107,71
105,71
123,71
106,71
102,71
123,71
102,71
128,71
118,71
101,71
106,71
128,71
78,71
126,71
99,71
112,71
137,71
164,71
110,71
112,71
123,71
116,71
114,71
125,71
91,71
82,71
110,71
94,71
129,71
110,71
111,71
126,71
105,71
99,71
105,71
88,71
111,71
106,71
123,71
110,71
97,71
129,71
130,71
123,71
125,71
98,71
115,71
100,71
151,71
83,71
123,71
107,71
110,71
103,71
87,71
123,71
78,71
91,71
99,71
131,71
123,71
117,71
124,71
109,71
88,71
116,71
102,71
103,71
119,71
127,71
115,71
71,71
113,71
86,71
114,71
109,71
102,71
117,71
118,71
97,71
114,71
96,71
132,71
134,71
114,71
114,71
130,71
108,71
112,71
115,71
115,71
91,71
98,71
97,71
111,64
109,64
113,64
91,64
96,64
101,64
82,64
97,64
87,64
121,64
123,64
79,64
85,64
105,64
116,64
135,64
72,64
121,64
88,64
111,64
98,64
110,64
100,64
115,64
103,64
108,64
89,64
103,64
80,64
90,64
93,64
119,64
92,64
123,64
64,64
101,64
115,64
106,64
117,64
116,64
124,64
93,64
110,64
97,64
102,64
99,64
100,64
70,64
112,64
107,64
113,64
112,64
149,64
115,64
99,64
103,64
101,64
96,64
94,64
121,64
140,64
127,64
81,64
119,64
119,64
111,64
96,64
70,64
89,64
93,64
114,64
117,64
71,64
99,64
105,64
105,64
119,64
77,64
105,64
123,64
97,64
116,64
113,64
104,64
133,64
108,64
88,64
100,64
89,64
117,64
85,64
133,64
97,64
96,64
103,64
100,64
101,64
117,64
100,64
75,64
118,64
93,64
76,64
97,64
99,64
113,64
107,64
111,64
83,64
104,64
115,64
131,64
117,64
92,64
74,64
121,64
104,64
89,64
107,64
82,64
106,64
111,64
98,64
80,64
125,64
129,64
88,64
79,64
103,62
117,62
116,62
110,62
118,62
130,62
90,62
92,62
128,62
112,62
109,62
106,62
107,62
120,62
111,62
117,62
133,62
147,62
138,62
118,62
92,62
111,62
114,62
105,62
115,62
123,62
84,62
99,62
99,62
130,62
119,62
135,62
89,62
120,62
126,62
113,62
84,62
128,62
128,62
95,62
85,62
106,62
120,62
102,62
79,62
86,62
105,62
111,62
138,62
123,62
124,62
113,62
124,62
117,62
92,62
110,62
109,62
110,62
131,62
129,62
136,62
134,62
140,62
104,62
131,62
136,62
137,62
97,62
93,62
149,62
81,62
93,62
136,62
113,62
90,62
124,62
131,62
124,62
137,62
96,62
114,62
111,62
102,62
122,62
138,62
106,62
117,62
111,62
127,62
89,62
77,62
91,62
136,62
109,62
110,62
86,62
124,62
120,62
117,62
129,62
117,62
152,62
143,62
100,62
112,62
141,62
124,62
109,62
123,62
123,62
135,62
122,62
107,62
128,62
112,62
63,62
100,62
94,62
127,62
62,62
120,62
129,62
87,62
98,62
129,62
128,62
132,62
103,62
79,75
115,75
107,75
134,75
125,75
100,75
116,75
133,75
118,75
109,75
132,75
139,75
128,75
115,75
106,75
113,75
96,75
126,75
137,75
104,75
99,75
95,75
88,75
135,75
104,75
131,75
99,75
90,75
116,75
144,75
93,75
108,75
112,75
129,75
86,75
84,75
105,75
121,75
89,75
110,75
90,75
110,75
96,75
136,75
119,75
121,75
120,75
139,75
121,75
109,75
106,75
98,75
104,75
102,75
135,75
132,75
97,75
128,75
93,75
97,75
124,75
101,75
127,75
111,75
103,75
143,75
131,75
97,75
116,75
99,75
113,75
95,75
86,75
106,75
75,75
99,75
112,75
116,75
128,75
123,75
99,75
95,75
96,75
85,75
111,75
103,75
133,75
143,75
112,75
94,75
130,75
135,75
115,75
127,75
127,75
101,75
121,75
116,75
135,75
85,75
107,75
125,75
103,75
110,75
103,75
136,75
85,75
100,75
131,75
112,75
111,75
123,75
140,75
145,75
106,75
126,75
103,75
104,75
109,75
133,75
123,75
117,75
113,75
101,75
95,75
104,75
129,75
116,75
129,77
120,77
112,77
113,77
77,77
122,77
91,77
110,77
123,77
83,77
118,77
97,77
89,77
112,77
126,77
118,77
92,77
117,77
131,77
126,77
119,77
144,77
104,77
110,77
117,77
128,77
117,77
132,77
113,77
108,77
105,77
113,77
108,77
118,77
112,77
123,77
158,77
118,77
134,77
125,77
118,77
116,77
104,77
119,77
125,77
97,77
100,77
125,77
112,77
98,77
101,77
87,77
128,77
120,77
102,77
131,77
110,77
111,77
133,77
107,77
79,77
88,77
127,77
134,77
132,77
130,77
128,77
131,77
102,77
107,77
96,77
104,77
90,77
112,77
106,77
95,77
124,77
120,77
135,77
100,77
117,77
135,77
123,77
120,77
114,77
88,77
131,77
123,77
96,77
97,77
88,77
126,77
96,77
121,77
107,77
102,77
103,77
130,77
114,77
94,77
131,77
116,77
128,77
136,77
117,77
144,77
138,77
105,77
94,77
105,77
112,77
94,77
117,77
118,77
123,77
101,77
103,77
114,77
92,77
92,77
117,77
113,77
138,77
110,77
110,77
114,77
85,77
133,77
104,75
117,75
100,75
108,75
110,75
118,75
126,75
108,75
132,75
124,75
121,75
97,75
152,75
142,75
144,75
151,75
145,75
105,75
108,75
112,75
115,75
120,75
124,75
140,75
126,75
98,75
146,75
84,75
91,75
126,75
113,75
89,75
104,75
87,75
98,75
100,75
93,75
115,75
109,75
106,75
112,75
93,75
124,75
116,75
90,75
120,75
129,75
127,75
115,75
115,75
99,75
92,75
130,75
134,75
104,75
111,75
93,75
90,75
117,75
103,75
94,75
122,75
113,75
147,75
138,75
131,75
87,75
93,75
121,75
89,75
116,75
119,75
121,75
107,75
137,75
114,75
154,75
116,75
131,75
118,75
128,75
102,75
113,75
120,75
141,75
133,75
145,75
108,75
118,75
103,75
131,75
129,75
123,75
117,75
110,75
108,75
113,75
91,75
141,75
118,75
100,75
104,75
111,75
75,75
101,75
131,75
121,75
138,75
109,75
109,75
139,75
131,75
96,75
127,75
151,75
112,75
113,75
128,75
106,75
92,75
119,75
90,75
100,75
113,75
109,75
92,75
116,75
117,75
149,91
104,91
157,91
127,91
99,91
151,91
116,91
161,91
101,91
137,91
151,91
135,91
118,91
133,91
125,91
120,91
166,91
125,91
96,91
142,91
104,91
113,91
117,91
129,91
123,91
129,91
135,91
122,91
147,91
169,91
128,91
121,91
125,91
94,91
113,91
134,91
122,91
117,91
132,91
143,91
151,91
149,91
95,91
99,91
122,91
150,91
158,91
118,91
109,91
122,91
126,91
144,91
138,91
130,91
156,91
134,91
129,91
131,91
110,91
115,91
111,91
119,91
129,91
124,91
120,91
134,91
129,91
166,91
124,91
151,91
132,91
118,91
124,91
133,91
104,91
133,91
143,91
105,91
128,91
143,91
137,91
140,91
109,91
140,91
123,91
126,91
105,91
154,91
134,91
120,91
114,91
101,91
112,91
111,91
118,91
146,91
116,91
101,91
156,91
114,91
145,91
138,91
142,91
131,91
114,91
117,91
153,91
91,91
122,91
112,91
112,91
133,91
119,91
136,91
107,91
123,91
131,91
130,91
125,91
119,91
123,91
128,91
126,91
130,91
104,91
107,91
158,91
129,91
100,55
100,55
127,55
128,55
93,55
96,55
86,55
101,55
74,55
89,55
94,55
110,55
129,55
97,55
109,55
105,55
115,55
95,55
88,55
103,55
87,55
116,55
105,55
141,55
79,55
113,55
115,55
105,55
106,55
92,55
96,55
89,55
103,55
137,55
153,55
96,55
55,55
121,55
80,55
91,55
135,55
143,55
103,55
128,55
106,55
115,55
110,55
116,55
105,55
119,55
99,55
86,55
78,55
117,55
87,55
105,55
118,55
111,55
116,55
109,55
85,55
126,55
111,55
119,55
133,55
104,55
103,55
77,55
86,55
98,55
88,55
94,55
99,55
122,55
98,55
81,55
88,55
97,55
70,55
143,55
99,55
100,55
100,55
93,55
146,55
93,55
86,55
81,55
99,55
101,55
105,55
91,55
112,55
79,55
140,55
78,55
84,55
129,55
126,55
111,55
106,55
91,55
91,55
140,55
107,55
121,55
110,55
87,55
118,55
86,55
89,55
103,55
106,55
122,55
75,55
89,55
105,55
114,55
89,55
76,55
85,55
86,55
119,55
97,55
90,55
121,55
121,55
103,55
127,63
96,63
129,63
82,63
118,63
123,63
117,63
132,63
124,63
115,63
99,63
68,63
105,63
114,63
104,63
115,63
90,63
145,63
133,63
111,63
119,63
123,63
132,63
93,63
126,63
101,63
128,63
101,63
125,63
134,63
129,63
105,63
84,63
104,63
94,63
100,63
92,63
111,63
122,63
110,63
156,63
126,63
111,63
110,63
130,63
114,63
113,63
99,63
85,63
147,63
135,63
63,63
121,63
98,63
101,63
88,63
113,63
109,63
97,63
163,63
134,63
100,63
143,63
99,63
99,63
121,63
123,63
132,63
97,63
121,63
125,63
122,63
133,63
111,63
119,63
114,63
131,63
117,63
82,63
110,63
92,63
67,63
125,63
110,63
128,63
89,63
85,63
128,63
94,63
135,63
92,63
147,63
132,63
101,63
98,63
111,63
99,63
109,63
87,63
116,63
109,63
119,63
106,63
122,63
106,63
109,63
114,63
116,63
100,63
98,63
130,63
102,63
88,63
139,63
107,63
105,63
112,63
114,63
107,63
95,63
107,63
123,63
103,63
91,63
102,63
118,63
121,63
118,63
118,71
95,71
138,71
102,71
121,71
107,71
130,71
98,71
98,71
139,71
79,71
71,71
90,71
140,71
99,71
111,71
111,71
107,71
138,71
113,71
105,71
106,71
103,71
125,71
111,71
112,71
77,71
123,71
131,71
118,71
137,71
140,71
97,71
128,71
106,71
140,71
101,71
151,71
130,71
97,71
101,71
103,71
117,71
130,71
151,71
107,71
140,71
136,71
85,71
96,71
124,71
74,71
91,71
130,71
85,71
119,71
106,71
102,71
107,71
119,71
91,71
91,71
97,71
106,71
113,71
117,71
83,71
86,71
102,71
133,71
122,71
108,71
114,71
150,71
108,71
124,71
115,71
117,71
119,71
99,71
122,71
98,71
104,71
108,71
138,71
129,71
102,71
119,71
165,71
98,71
107,71
101,71
85,71
122,71
119,71
108,71
149,71
107,71
121,71
97,71
132,71
94,71
158,71
102,71
120,71
115,71
134,71
129,71
130,71
102,71
118,71
123,71
130,71
117,71
102,71
87,71
115,71
139,71
114,71
120,71
78,71
101,71
117,71
116,71
116,71
119,71
151,71
92,71
153,63
119,63
111,63
85,63
95,63
106,63
136,63
130,63
120,63
108,63
90,63
103,63
97,63
146,63
105,63
139,63
111,63
97,63
149,63
104,63
89,63
83,63
87,63
127,63
121,63
99,63
118,63
119,63
110,63
99,63
116,63
108,63
96,63
115,63
117,63
95,63
124,63
104,63
110,63
130,63
125,63
92,63
105,63
122,63
116,63
106,63
111,63
112,63
117,63
89,63
127,63
115,63
103,63
121,63
125,63
110,63
117,63
85,63
99,63
142,63
99,63
135,63
133,63
111,63
109,63
105,63
63,63
92,63
121,63
115,63
82,63
78,63
135,63
120,63
103,63
157,63
111,63
116,63
151,63
110,63
116,63
104,63
91,63
86,63
95,63
110,63
104,63
94,63
122,63
87,63
98,63
143,63
134,63
131,63
82,63
108,63
132,63
90,63
134,63
100,63
107,63
108,63
133,63
133,63
96,63
113,63
107,63
140,63
135,63
117,63
99,63
139,63
101,63
111,63
105,63
128,63
111,63
100,63
110,63
142,63
118,63
135,63
107,63
98,63
142,63
134,63
136,63
123,63
117,72
128,72
123,72
105,72
103,72
104,72
154,72
95,72
127,72
123,72
115,72
91,72
113,72
95,72
109,72
120,72
97,72
134,72
113,72
120,72
105,72
99,72
107,72
105,72
132,72
96,72
121,72
93,72
118,72
118,72
107,72
97,72
113,72
122,72
127,72
119,72
95,72
109,72
104,72
123,72
132,72
113,72
111,72
104,72
132,72
94,72
105,72
91,72
130,72
98,72
101,72
76,72
138,72
107,72
156,72
100,72
124,72
144,72
88,72
117,72
117,72
125,72
90,72
97,72
132,72
95,72
108,72
111,72
99,72
139,72
87,72
143,72
128,72
126,72
113,72
102,72
87,72
111,72
109,72
129,72
131,72
100,72
127,72
99,72
133,72
124,72
111,72
78,72
115,72
99,72
112,72
112,72
117,72
97,72
110,72
105,72
101,72
116,72
107,72
102,72
103,72
72,72
84,72
128,72
106,72
112,72
96,72
139,72
102,72
107,72
105,72
115,72
116,72
93,72
141,72
108,72
138,72
125,72
90,72
129,72
88,72
131,72
98,72
143,72
98,72
139,72
96,72
101,72
147,81
133,81
118,81
149,81
103,81
126,81
118,81
147,81
85,81
84,81
108,81
106,81
142,81
120,81
142,81
89,81
84,81
131,81
109,81
113,81
103,81
102,81
81,81
157,81
113,81
118,81
93,81
92,81
92,81
128,81
141,81
100,81
103,81
120,81
106,81
126,81
101,81
108,81
124,81
116,81
109,81
108,81
97,81
99,81
123,81
92,81
95,81
141,81
111,81
136,81
114,81
106,81
109,81
119,81
94,81
104,81
102,81
95,81
117,81
156,81
139,81
115,81
105,81
158,81
94,81
124,81
101,81
105,81
83,81
104,81
96,81
100,81
97,81
106,81
138,81
121,81
111,81
101,81
114,81
109,81
110,81
81,81
87,81
150,81
115,81
126,81
105,81
139,81
106,81
81,81
133,81
132,81
117,81
110,81
114,81
115,81
88,81
123,81
92,81
117,81
82,81
109,81
89,81
116,81
94,81
100,81
137,81
135,81
99,81
110,81
124,81
139,81
121,81
126,81
83,81
112,81
112,81
110,81
108,81
143,81
100,81
119,81
116,81
88,81
147,81
96,81
103,81
100,81
110,59
111,59
107,59
113,59
73,59
108,59
99,59
125,59
148,59
123,59
104,59
121,59
107,59
90,59
96,59
107,59
114,59
118,59
88,59
101,59
59,59
89,59
107,59
99,59
96,59
108,59
73,59
95,59
92,59
99,59
119,59
123,59
95,59
127,59
113,59
83,59
117,59
87,59
79,59
123,59
120,59
63,59
107,59
124,59
96,59
89,59
108,59
91,59
105,59
70,59
75,59
99,59
104,59
119,59
137,59
106,59
105,59
114,59
76,59
119,59
115,59
113,59
83,59
110,59
106,59
110,59
132,59
106,59
114,59
93,59
103,59
67,59
108,59
107,59
85,59
136,59
121,59
101,59
136,59
97,59
94,59
102,59
100,59
122,59
92,59
139,59
131,59
129,59
89,59
103,59
112,59
104,59
118,59
108,59
85,59
121,59
105,59
89,59
90,59
95,59
96,59
107,59
109,59
103,59
95,59
102,59
103,59
114,59
117,59
102,59
90,59
98,59
101,59
102,59
139,59
91,59
129,59
105,59
111,59
80,59
121,59
128,59
107,59
89,59
91,59
110,59
120,59
100,59
92,54
91,54
90,54
99,54
100,54
80,54
92,54
79,54
108,54
99,54
105,54
72,54
100,54
116,54
119,54
124,54
87,54
114,54
74,54
81,54
98,54
95,54
86,54
79,54
79,54
87,54
137,54
100,54
79,54
64,54
117,54
83,54
102,54
82,54
131,54
89,54
97,54
100,54
90,54
79,54
108,54
72,54
73,54
122,54
103,54
99,54
86,54
54,54
110,54
115,54
74,54
69,54
105,54
88,54
93,54
116,54
91,54
80,54
123,54
114,54
88,54
82,54
76,54
89,54
71,54
105,54
77,54
105,54
76,54
99,54
109,54
94,54
76,54
88,54
135,54
102,54
94,54
96,54
90,54
105,54
111,54
77,54
88,54
70,54
75,54
109,54
102,54
135,54
76,54
83,54
71,54
77,54
118,54
109,54
68,54
102,54
69,54
105,54
90,54
117,54
78,54
92,54
92,54
84,54
112,54
110,54
81,54
111,54
135,54
90,54
104,54
123,54
132,54
120,54
87,54
96,54
76,54
119,54
84,54
72,54
76,54
112,54
99,54
126,54
97,54
91,54
102,54
83,54
75,57
129,57
133,57
115,57
106,57
113,57
84,57
135,57
136,57
134,57
57,57
125,57
122,57
115,57
130,57
108,57
113,57
119,57
117,57
111,57
128,57
95,57
126,57
103,57
153,57
113,57
142,57
135,57
127,57
103,57
92,57
91,57
121,57
109,57
77,57
109,57
80,57
110,57
117,57
103,57
103,57
129,57
89,57
120,57
129,57
107,57
146,57
69,57
90,57
114,57
115,57
109,57
127,57
102,57
113,57
128,57
116,57
127,57
112,57
145,57
112,57
130,57
123,57
124,57
113,57
152,57
114,57
129,57
87,57
130,57
138,57
135,57
117,57
104,57
96,57
116,57
92,57
123,57
131,57
153,57
109,57
113,57
124,57
119,57
105,57
104,57
105,57
122,57
90,57
128,57
137,57
119,57
163,57
102,57
112,57
104,57
125,57
111,57
101,57
85,57
135,57
105,57
101,57
116,57
92,57
130,57
99,57
104,57
107,57
138,57
149,57
109,57
106,57
143,57
110,57
137,57
115,57
124,57
104,57
112,57
126,57
94,57
91,57
114,57
101,57
107,57
111,57
107,57
105,67
97,67
86,67
91,67
131,67
118,67
120,67
75,67
86,67
121,67
125,67
145,67
81,67
119,67
111,67
110,67
110,67
103,67
121,67
89,67
134,67
82,67
135,67
130,67
95,67
87,67
121,67
126,67
103,67
91,67
108,67
119,67
105,67
129,67
105,67
111,67
91,67
111,67
94,67
117,67
99,67
139,67
98,67
107,67
69,67
92,67
108,67
96,67
107,67
93,67
141,67
73,67
94,67
113,67
109,67
117,67
85,67
127,67
110,67
93,67
95,67
138,67
75,67
79,67
135,67
69,67
135,67
102,67
140,67
127,67
73,67
125,67
120,67
101,67
93,67
69,67
130,67
89,67
97,67
74,67
119,67
77,67
67,67
101,67
95,67
119,67
90,67
100,67
87,67
91,67
82,67
108,67
101,67
90,67
116,67
89,67
89,67
84,67
90,67
83,67
71,67
102,67
106,67
86,67
107,67
86,67
97,67
98,67
134,67
96,67
103,67
109,67
118,67
106,67
97,67
122,67
122,67
101,67
78,67
127,67
126,67
108,67
97,67
71,67
102,67
109,67
93,67
99,67
105,89
121,89
129,89
106,89
109,89
133,89
113,89
106,89
134,89
119,89
131,89
135,89
135,89
132,89
125,89
143,89
136,89
117,89
107,89
113,89
133,89
141,89
133,89
121,89
115,89
158,89
125,89
135,89
136,89
110,89
121,89
98,89
110,89
103,89
141,89
123,89
117,89
121,89
125,89
121,89
120,89
128,89
142,89
128,89
102,89
113,89
122,89
123,89
108,89
120,89
120,89
125,89
139,89
130,89
129,89
129,89
125,89
111,89
139,89
134,89
134,89
137,89
96,89
103,89
141,89
128,89
125,89
104,89
126,89
103,89
126,89
113,89
140,89
109,89
133,89
125,89
136,89
130,89
115,89
126,89
130,89
119,89
126,89
114,89
128,89
117,89
129,89
129,89
134,89
145,89
144,89
120,89
95,89
149,89
139,89
133,89
135,89
112,89
119,89
134,89
129,89
104,89
131,89
123,89
112,89
89,89
113,89
126,89
122,89
112,89
112,89
138,89
115,89
137,89
125,89
123,89
123,89
95,89
135,89
100,89
109,89
128,89
139,89
97,89
119,89
111,89
125,89
123,89
128,67
109,67
116,67
104,67
83,67
137,67
137,67
120,67
146,67
132,67
116,67
99,67
114,67
108,67
105,67
97,67
136,67
90,67
124,67
147,67
67,67
125,67
105,67
94,67
115,67
108,67
93,67
113,67
105,67
128,67
121,67
87,67
100,67
97,67
87,67
124,67
102,67
118,67
108,67
84,67
131,67
97,67
90,67
121,67
127,67
147,67
93,67
125,67
116,67
133,67
114,67
110,67
119,67
91,67
100,67
97,67
133,67
123,67
134,67
95,67
108,67
110,67
99,67
131,67
97,67
115,67
98,67
95,67
111,67
119,67
92,67
96,67
141,67
122,67
106,67
87,67
115,67
93,67
111,67
117,67
112,67
127,67
81,67
99,67
127,67
101,67
137,67
101,67
107,67
124,67
113,67
90,67
116,67
128,67
108,67
110,67
126,67
125,67
136,67
148,67
121,67
92,67
136,67
155,67
164,67
104,67
87,67
96,67
94,67
102,67
91,67
125,67
124,67
113,67
114,67
126,67
111,67
114,67
105,67
98,67
92,67
112,67
91,67
106,67
121,67
113,67
145,67
109,67
97,57
117,57
112,57
106,57
112,57
117,57
87,57
124,57
115,57
96,57
97,57
130,57
88,57
138,57
86,57
106,57
103,57
134,57
87,57
108,57
129,57
134,57
100,57
111,57
88,57
138,57
105,57
102,57
110,57
106,57
57,57
156,57
113,57
119,57
153,57
114,57
125,57
101,57
105,57
117,57
97,57
108,57
142,57
129,57
102,57
109,57
121,57
130,57
112,57
105,57
119,57
104,57
105,57
113,57
104,57
114,57
78,57
103,57
95,57
107,57
88,57
102,57
104,57
139,57
81,57
142,57
108,57
152,57
130,57
149,57
90,57
102,57
111,57
120,57
96,57
108,57
110,57
130,57
120,57
116,57
100,57
115,57
150,57
134,57
96,57
109,57
142,57
101,57
114,57
123,57
102,57
117,57
118,57
99,57
112,57
90,57
118,57
117,57
95,57
90,57
76,57
97,57
135,57
113,57
91,57
98,57
128,57
120,57
105,57
98,57
143,57
108,57
93,57
72,57
129,57
129,57
138,57
121,57
112,57
105,57
106,57
125,57
129,57
112,57
124,57
129,57
96,57
122,57
99,77
86,77
113,77
146,77
105,77
88,77
97,77
105,77
142,77
100,77
100,77
100,77
127,77
144,77
106,77
121,77
112,77
145,77
97,77
77,77
117,77
115,77
119,77
112,77
113,77
126,77
125,77
132,77
132,77
108,77
134,77
100,77
91,77
82,77
115,77
103,77
134,77
97,77
121,77
114,77
107,77
134,77
148,77
92,77
85,77
129,77
99,77
95,77
120,77
104,77
103,77
131,77
84,77
104,77
107,77
144,77
114,77
118,77
97,77
112,77
135,77
119,77
108,77
102,77
103,77
117,77
171,77
150,77
112,77
84,77
125,77
106,77
124,77
138,77
127,77
90,77
105,77
100,77
104,77
132,77
109,77
109,77
108,77
136,77
115,77
89,77
144,77
116,77
105,77
109,77
130,77
110,77
135,77
97,77
103,77
107,77
117,77
106,77
104,77
101,77
113,77
121,77
112,77
110,77
102,77
121,77
134,77
112,77
123,77
115,77
94,77
102,77
119,77
108,77
94,77
94,77
113,77
119,77
91,77
96,77
103,77
126,77
102,77
130,77
114,77
121,77
128,77
128,77
115,67
125,67
144,67
94,67
99,67
114,67
126,67
108,67
131,67
103,67
119,67
117,67
84,67
107,67
101,67
119,67
117,67
118,67
94,67
122,67
142,67
116,67
88,67
115,67
103,67
116,67
113,67
116,67
67,67
110,67
106,67
128,67
120,67
122,67
123,67
124,67
92,67
110,67
134,67
102,67
92,67
127,67
113,67
108,67
116,67
122,67
111,67
93,67
108,67
108,67
123,67
112,67
98,67
100,67
94,67
126,67
105,67
113,67
129,67
108,67
129,67
101,67
113,67
101,67
96,67
124,67
139,67
108,67
100,67
139,67
110,67
145,67
86,67
139,67
93,67
120,67
133,67
81,67
106,67
95,67
96,67
134,67
115,67
121,67
99,67
95,67
124,67
106,67
102,67
89,67
110,67
103,67
123,67
103,67
134,67
112,67
137,67
91,67
119,67
127,67
114,67
107,67
122,67
118,67
111,67
114,67
102,67
116,67
128,67
107,67
106,67
152,67
116,67
126,67
92,67
131,67
111,67
134,67
145,67
87,67
136,67
99,67
104,67
100,67
92,67
95,67
94,67
123,67
132,63
103,63
108,63
87,63
98,63
97,63
71,63
86,63
108,63
88,63
107,63
111,63
114,63
91,63
120,63
96,63
83,63
87,63
103,63
110,63
127,63
121,63
108,63
95,63
121,63
127,63
76,63
96,63
106,63
118,63
144,63
80,63
75,63
87,63
132,63
97,63
103,63
113,63
80,63
115,63
121,63
103,63
87,63
82,63
119,63
114,63
117,63
129,63
71,63
111,63
96,63
78,63
101,63
111,63
99,63
110,63
140,63
119,63
127,63
75,63
115,63
115,63
91,63
147,63
83,63
139,63
97,63
63,63
155,63
126,63
131,63
83,63
109,63
80,63
87,63
99,63
130,63
72,63
120,63
115,63
131,63
108,63
107,63
93,63
117,63
88,63
106,63
100,63
133,63
89,63
113,63
123,63
93,63
116,63
116,63
125,63
106,63
103,63
63,63
131,63
113,63
113,63
113,63
90,63
108,63
106,63
79,63
105,63
87,63
89,63
156,63
93,63
87,63
101,63
93,63
151,63
110,63
115,63
117,63
92,63
123,63
105,63
75,63
94,63
135,63
93,63
109,63
85,63
123,74
133,74
108,74
136,74
130,74
110,74
111,74
142,74
108,74
140,74
125,74
96,74
111,74
115,74
100,74
107,74
129,74
84,74
108,74
115,74
103,74
95,74
135,74
88,74
125,74
113,74
105,74
102,74
91,74
138,74
104,74
125,74
113,74
115,74
97,74
125,74
123,74
107,74
110,74
136,74
121,74
128,74
115,74
103,74
77,74
83,74
101,74
99,74
74,74
90,74
80,74
128,74
119,74
135,74
100,74
105,74
103,74
117,74
114,74
122,74
117,74
126,74
144,74
118,74
95,74
115,74
123,74
117,74
121,74
109,74
164,74
124,74
114,74
92,74
99,74
114,74
106,74
118,74
130,74
120,74
131,74
111,74
117,74
126,74
114,74
100,74
128,74
124,74
77,74
102,74
105,74
81,74
105,74
118,74
117,74
95,74
106,74
128,74
88,74
106,74
116,74
112,74
118,74
97,74
144,74
111,74
121,74
97,74
123,74
90,74
108,74
135,74
137,74
111,74
139,74
159,74
126,74
152,74
85,74
108,74
114,74
131,74
103,74
122,74
79,74
117,74
142,74
118,74
98,51
128,51
81,51
72,51
86,51
80,51
83,51
128,51
66,51
83,51
51,51
121,51
93,51
60,51
78,51
100,51
114,51
111,51
70,51
135,51
103,51
78,51
102,51
92,51
99,51
88,51
99,51
100,51
88,51
100,51
81,51
90,51
91,51
111,51
114,51
80,51
103,51
86,51
126,51
121,51
100,51
99,51
110,51
124,51
113,51
79,51
96,51
93,51
105,51
71,51
108,51
81,51
81,51
92,51
91,51
97,51
63,51
111,51
64,51
95,51
104,51
120,51
77,51
96,51
80,51
94,51
93,51
109,51
118,51
99,51
82,51
114,51
98,51
104,51
96,51
88,51
95,51
74,51
134,51
67,51
105,51
65,51
54,51
71,51
90,51
70,51
126,51
108,51
83,51
86,51
111,51
99,51
98,51
91,51
80,51
89,51
123,51
88,51
87,51
113,51
117,51
99,51
102,51
107,51
85,51
114,51
115,51
93,51
73,51
58,51
117,51
60,51
91,51
142,51
114,51
119,51
69,51
85,51
116,51
126,51
71,51
80,51
81,51
89,51
126,51
70,51
72,51
123,51
129,69
88,69
144,69
97,69
95,69
106,69
111,69
97,69
115,69
143,69
117,69
136,69
121,69
130,69
97,69
105,69
113,69
121,69
112,69
94,69
121,69
130,69
89,69
104,69
114,69
110,69
136,69
105,69
127,69
111,69
70,69
115,69
109,69
116,69
91,69
132,69
115,69
98,69
128,69
101,69
86,69
88,69
98,69
133,69
132,69
130,69
112,69
103,69
86,69
107,69
128,69
113,69
106,69
91,69
114,69
133,69
112,69
69,69
90,69
128,69
110,69
115,69
117,69
127,69
135,69
110,69
97,69
91,69
122,69
120,69
97,69
96,69
136,69
117,69
145,69
109,69
138,69
105,69
97,69
97,69
94,69
101,69
122,69
138,69
112,69
133,69
107,69
132,69
117,69
136,69
101,69
110,69
113,69
124,69
115,69
117,69
123,69
104,69
105,69
145,69
112,69
127,69
84,69
152,69
105,69
111,69
85,69
99,69
116,69
115,69
86,69
113,69
113,69
101,69
129,69
95,69
138,69
103,69
142,69
117,69
105,69
98,69
103,69
107,69
115,69
131,69
118,69
105,69
117,67
130,67
101,67
99,67
96,67
121,67
95,67
114,67
101,67
136,67
96,67
144,67
118,67
106,67
100,67
108,67
111,67
83,67
129,67
129,67
99,67
114,67
107,67
122,67
126,67
91,67
117,67
118,67
152,67
143,67
124,67
107,67
103,67
88,67
107,67
120,67
113,67
139,67
94,67
147,67
100,67
130,67
131,67
109,67
67,67
108,67
94,67
143,67
123,67
105,67
140,67
108,67
105,67
125,67
115,67
136,67
113,67
133,67
129,67
131,67
127,67
109,67
95,67
139,67
101,67
107,67
117,67
136,67
99,67
126,67
114,67
115,67
121,67
123,67
134,67
116,67
111,67
111,67
146,67
137,67
128,67
85,67
104,67
125,67
102,67
112,67
129,67
116,67
90,67
87,67
90,67
110,67
142,67
146,67
94,67
90,67
79,67
104,67
111,67
150,67
100,67
137,67
106,67
113,67
96,67
131,67
119,67
123,67
97,67
88,67
117,67
143,67
122,67
100,67
105,67
99,67
112,67
90,67
86,67
109,67
106,67
157,67
110,67
125,67
112,67
114,67
74,67
113,67
108,55
108,55
121,55
133,55
106,55
89,55
115,55
124,55
127,55
125,55
55,55
95,55
115,55
102,55
114,55
113,55
79,55
104,55
114,55
104,55
87,55
65,55
101,55
119,55
100,55
112,55
119,55
120,55
85,55
79,55
109,55
95,55
83,55
78,55
103,55
103,55
125,55
98,55
67,55
110,55
107,55
103,55
138,55
151,55
78,55
104,55
113,55
135,55
100,55
75,55
108,55
118,55
97,55
109,55
101,55
121,55
144,55
82,55
96,55
94,55
126,55
108,55
82,55
77,55
90,55
97,55
100,55
110,55
95,55
94,55
98,55
123,55
80,55
109,55
95,55
89,55
109,55
95,55
110,55
99,55
146,55
99,55
93,55
115,55
97,55
107,55
77,55
96,55
95,55
85,55
95,55
115,55
71,55
132,55
124,55
121,55
108,55
83,55
85,55
96,55
108,55
113,55
98,55
99,55
96,55
124,55
130,55
91,55
137,55
121,55
82,55
95,55
105,55
119,55
137,55
125,55
135,55
106,55
99,55
111,55
117,55
110,55
114,55
88,55
129,55
103,55
107,55
91,55
112,63
90,63
100,63
126,63
121,63
143,63
66,63
71,63
107,63
97,63
115,63
131,63
119,63
81,63
93,63
109,63
97,63
115,63
99,63
144,63
103,63
81,63
74,63
134,63
97,63
123,63
121,63
97,63
75,63
95,63
102,63
91,63
95,63
124,63
98,63
119,63
95,63
101,63
82,63
124,63
109,63
120,63
93,63
91,63
83,63
81,63
105,63
93,63
134,63
102,63
84,63
112,63
113,63
105,63
115,63
111,63
109,63
101,63
81,63
109,63
128,63
108,63
125,63
115,63
93,63
130,63
93,63
81,63
71,63
92,63
100,63
83,63
115,63
90,63
105,63
114,63
108,63
91,63
67,63
107,63
110,63
95,63
107,63
105,63
122,63
122,63
109,63
100,63
83,63
115,63
97,63
121,63
97,63
128,63
101,63
79,63
105,63
135,63
86,63
115,63
76,63
132,63
113,63
94,63
141,63
83,63
122,63
147,63
99,63
95,63
92,63
93,63
63,63
99,63
123,63
104,63
139,63
110,63
87,63
91,63
106,63
113,63
108,63
96,63
114,63
96,63
93,63
90,63
88,75
90,75
116,75
125,75
114,75
127,75
95,75
113,75
117,75
111,75
105,75
107,75
75,75
123,75
105,75
136,75
114,75
101,75
122,75
138,75
131,75
98,75
105,75
147,75
121,75
87,75
123,75
111,75
108,75
100,75
120,75
100,75
109,75
131,75
77,75
121,75
78,75
109,75
79,75
82,75
134,75
134,75
93,75
112,75
78,75
97,75
121,75
140,75
130,75
105,75
123,75
125,75
112,75
109,75
117,75
120,75
81,75
97,75
90,75
87,75
123,75
134,75
120,75
103,75
76,75
101,75
103,75
113,75
97,75
128,75
117,75
116,75
115,75
109,75
124,75
113,75
110,75
93,75
114,75
102,75
85,75
107,75
86,75
105,75
149,75
124,75
96,75
84,75
113,75
115,75
103,75
102,75
81,75
97,75
80,75
120,75
84,75
110,75
127,75
83,75
123,75
79,75
127,75
96,75
119,75
89,75
83,75
112,75
113,75
125,75
95,75
95,75
107,75
126,75
100,75
88,75
102,75
76,75
129,75
83,75
102,75
133,75
130,75
78,75
77,75
87,75
121,75
103,75
94,62
139,62
98,62
89,62
143,62
101,62
70,62
123,62
109,62
97,62
98,62
93,62
128,62
79,62
98,62
74,62
101,62
100,62
77,62
119,62
97,62
87,62
124,62
121,62
121,62
111,62
139,62
88,62
130,62
91,62
87,62
103,62
91,62
108,62
136,62
92,62
106,62
117,62
78,62
128,62
116,62
112,62
90,62
130,62
138,62
97,62
136,62
107,62
136,62
114,62
110,62
130,62
113,62
153,62
82,62
152,62
79,62
136,62
119,62
91,62
142,62
81,62
109,62
113,62
89,62
111,62
88,62
107,62
123,62
105,62
101,62
148,62
110,62
86,62
133,62
118,62
94,62
85,62
107,62
98,62
151,62
109,62
111,62
102,62
132,62
91,62
89,62
88,62
103,62
91,62
73,62
93,62
128,62
99,62
89,62
69,62
81,62
117,62
102,62
84,62
89,62
99,62
107,62
62,62
72,62
78,62
82,62
145,62
104,62
117,62
118,62
104,62
122,62
127,62
123,62
82,62
117,62
72,62
85,62
84,62
102,62
116,62
98,62
140,62
125,62
121,62
99,62
91,62
75,65
77,65
110,65
114,65
127,65
117,65
65,65
128,65
132,65
87,65
121,65
97,65
118,65
114,65
100,65
111,65
126,65
113,65
92,65
94,65
96,65
98,65
73,65
99,65
103,65
103,65
85,65
93,65
109,65
88,65
148,65
102,65
99,65
129,65
91,65
95,65
89,65
100,65
89,65
112,65
68,65
88,65
132,65
96,65
121,65
129,65
93,65
126,65
91,65
116,65
107,65
127,65
106,65
109,65
127,65
99,65
115,65
93,65
101,65
110,65
98,65
117,65
93,65
135,65
103,65
103,65
109,65
80,65
109,65
74,65
135,65
122,65
99,65
81,65
97,65
87,65
117,65
107,65
82,65
117,65
123,65
115,65
111,65
108,65
120,65
94,65
92,65
100,65
109,65
99,65
125,65
109,65
98,65
91,65
113,65
95,65
95,65
110,65
89,65
112,65
105,65
122,65
103,65
125,65
130,65
106,65
90,65
111,65
113,65
131,65
107,65
108,65
98,65
109,65
118,65
138,65
119,65
142,65
110,65
114,65
115,65
100,65
113,65
81,65
129,65
75,65
101,65
95,65
117,65
105,65
102,65
91,65
94,65
99,65
102,65
113,65
99,65
103,65
117,65
108,65
114,65
65,65
101,65
97,65
123,65
88,65
102,65
95,65
101,65
107,65
103,65
103,65
110,65
97,65
67,65
79,65
80,65
135,65
137,65
115,65
87,65
114,65
100,65
102,65
94,65
104,65
81,65
87,65
105,65
112,65
92,65
125,65
97,65
95,65
114,65
133,65
109,65
119,65
139,65
96,65
131,65
108,65
133,65
127,65
85,65
109,65
150,65
126,65
126,65
111,65
119,65
128,65
114,65
108,65
125,65
99,65
90,65
98,65
115,65
65,65
81,65
128,65
123,65
101,65
101,65
116,65
102,65
120,65
101,65
129,65
134,65
117,65
96,65
87,65
101,65
89,65
96,65
113,65
105,65
135,65
118,65
97,65
111,65
110,65
81,65
115,65
101,65
85,65
85,65
87,65
82,65
88,65
101,65
135,65
143,65
129,65
103,65
114,65
101,65
110,65
83,65
123,65
125,65
111,65
91,65
118,65
126,65
87,65
95,65
101,65
99,65
75,65
98,65
81,65
81,65
129,65
82,65
89,65
143,65
144,65
101,65
116,65
95,65
103,65
124,65
146,65
90,65
141,65
120,65
87,65
107,65
125,65
99,65
100,65
85,65
103,65
90,65
103,65
70,65
135,65
101,65
115,65
120,65
110,65
126,65
111,65
105,65
108,65
109,65
106,65
113,65
101,65
85,65
100,65
113,65
86,65
96,65
91,65
72,65
103,65
89,65
82,65
91,65
77,65
101,65
75,65
70,65
98,65
114,65
111,65
123,65
96,65
117,65
109,65
85,65
145,65
75,65
136,65
124,65
117,65
121,65
65,65
118,65
116,65
93,65
93,65
91,65
107,65
93,65
87,65
117,65
96,65
100,65
125,65
65,65
101,65
125,65
118,65
103,65
128,65
99,65
66,65
107,65
119,65
120,65
123,65
102,65
68,65
88,65
94,65
103,65
117,65
143,65
99,65
75,65
105,65
117,65
99,65
85,65
158,65
109,65
86,65
115,65
122,65
116,65
118,65
90,65
163,65
131,65
106,65
108,65
123,65
123,65
93,65
87,65
75,65
119,65
133,65
109,65
89,65
110,65
117,65
97,65
110,65
117,75
121,75
112,75
109,75
128,75
78,75
88,75
110,75
116,75
127,75
105,75
90,75
85,75
100,75
138,75
157,75
139,75
130,75
151,75
105,75
128,75
107,75
107,75
121,75
110,75
92,75
114,75
101,75
107,75
138,75
75,75
105,75
128,75
86,75
119,75
91,75
163,75
122,75
96,75
100,75
95,75
95,75
119,75
128,75
132,75
99,75
121,75
103,75
124,75
97,75
100,75
87,75
120,75
98,75
157,75
130,75
114,75
117,75
118,75
108,75
99,75
102,75
102,75
91,75
137,75
146,75
120,75
96,75
100,75
134,75
138,75
123,75
102,75
135,75
131,75
128,75
97,75
108,75
111,75
99,75
118,75
104,75
80,75
105,75
123,75
133,75
127,75
117,75
110,75
129,75
119,75
83,75
164,75
122,75
109,75
118,75
113,75
150,75
133,75
134,75
106,75
92,75
90,75
123,75
122,75
99,75
98,75
92,75
105,75
118,75
104,75
129,75
114,75
91,75
135,75
119,75
106,75
106,75
129,75
96,75
132,75
132,75
135,75
89,75
119,75
141,75
119,75
109,75
129,61
112,61
115,61
126,61
130,61
105,61
117,61
118,61
61,61
110,61
113,61
99,61
127,61
126,61
105,61
85,61
104,61
79,61
104,61
119,61
122,61
103,61
106,61
129,61
89,61
105,61
116,61
110,61
88,61
93,61
157,61
117,61
127,61
125,61
98,61
99,61
121,61
113,61
141,61
98,61
87,61
97,61
115,61
114,61
109,61
127,61
79,61
133,61
112,61
127,61
93,61
142,61
105,61
98,61
120,61
112,61
131,61
112,61
105,61
106,61
116,61
109,61
96,61
122,61
124,61
145,61
94,61
138,61
92,61
128,61
103,61
83,61
109,61
112,61
100,61
127,61
86,61
101,61
104,61
108,61
123,61
93,61
118,61
127,61
99,61
115,61
101,61
145,61
87,61
130,61
109,61
109,61
139,61
110,61
121,61
109,61
125,61
108,61
111,61
115,61
102,61
126,61
110,61
106,61
101,61
114,61
106,61
87,61
113,61
93,61
97,61
133,61
112,61
111,61
114,61
107,61
102,61
119,61
96,61
127,61
134,61
123,61
123,61
119,61
105,61
122,61
118,61
100,61
96,69
158,69
104,69
135,69
115,69
113,69
92,69
115,69
117,69
111,69
118,69
86,69
110,69
131,69
103,69
127,69
110,69
128,69
86,69
105,69
102,69
104,69
87,69
124,69
69,69
118,69
136,69
117,69
120,69
123,69
123,69
87,69
138,69
123,69
124,69
117,69
73,69
144,69
125,69
105,69
111,69
118,69
109,69
94,69
120,69
108,69
131,69
114,69
108,69
87,69
144,69
122,69
120,69
79,69
110,69
102,69
126,69
119,69
86,69
126,69
112,69
96,69
111,69
135,69
111,69
119,69
134,69
100,69
97,69
135,69
113,69
126,69
119,69
122,69
128,69
85,69
123,69
85,69
99,69
102,69
124,69
132,69
127,69
108,69
120,69
125,69
90,69
122,69
108,69
134,69
94,69
92,69
130,69
109,69
112,69
117,69
121,69
125,69
93,69
109,69
114,69
104,69
117,69
130,69
106,69
123,69
111,69
107,69
110,69
153,69
138,69
119,69
141,69
106,69
79,69
90,69
106,69
96,69
106,69
80,69
98,69
90,69
153,69
126,69
117,69
119,69
101,69
93,69
137,76
117,76
99,76
112,76
140,76
81,76
129,76
104,76
107,76
141,76
116,76
132,76
107,76
123,76
120,76
83,76
135,76
128,76
92,76
125,76
121,76
101,76
110,76
129,76
121,76
114,76
108,76
137,76
113,76
134,76
141,76
131,76
103,76
106,76
122,76
109,76
143,76
97,76
125,76
117,76
113,76
97,76
115,76
93,76
108,76
120,76
129,76
81,76
117,76
97,76
110,76
122,76
121,76
129,76
99,76
77,76
131,76
97,76
115,76
112,76
115,76
83,76
118,76
88,76
121,76
128,76
142,76
105,76
107,76
112,76
110,76
130,76
114,76
124,76
130,76
98,76
122,76
134,76
124,76
106,76
118,76
141,76
123,76
141,76
106,76
99,76
91,76
120,76
101,76
117,76
124,76
140,76
94,76
104,76
139,76
109,76
146,76
119,76
106,76
76,76
105,76
111,76
156,76
126,76
118,76
126,76
135,76
83,76
114,76
122,76
155,76
104,76
104,76
101,76
100,76
130,76
130,76
139,76
129,76
100,76
97,76
122,76
85,76
113,76
141,76
96,76
137,76
137,76
92,68
97,68
119,68
122,68
84,68
106,68
125,68
111,68
121,68
110,68
108,68
99,68
110,68
122,68
91,68
88,68
84,68
118,68
99,68
106,68
113,68
109,68
93,68
102,68
115,68
139,68
109,68
99,68
105,68
107,68
156,68
97,68
106,68
92,68
120,68
104,68
91,68
81,68
71,68
112,68
95,68
109,68
102,68
147,68
81,68
109,68
113,68
115,68
100,68
87,68
94,68
117,68
126,68
97,68
98,68
81,68
89,68
91,68
113,68
118,68
125,68
111,68
131,68
71,68
110,68
109,68
98,68
95,68
115,68
99,68
93,68
95,68
130,68
98,68
84,68
97,68
112,68
103,68
96,68
122,68
89,68
98,68
108,68
99,68
83,68
97,68
98,68
85,68
105,68
133,68
153,68
90,68
124,68
76,68
101,68
85,68
101,68
104,68
82,68
88,68
68,68
93,68
89,68
111,68
99,68
114,68
123,68
119,68
110,68
87,68
99,68
114,68
133,68
99,68
119,68
87,68
105,68
142,68
110,68
87,68
118,68
112,68
79,68
105,68
94,68
97,68
121,68
91,68
