cve,euvd,publicado_nvd,alta_kev,dias_publicacion_a_kev,mismo_dia,plazo_kev_dias,triaje_forense,ransomware,alta_eu_kev,eu_kev_menos_cisa_dias,cvss_cna,cwe,honeypot_primera,honeypot_ultima,honeypot_conexiones_1d,honeypot_ips_1d,honeypot_menos_kev_dias
CVE-2019-19781,EUVD-2019-9380,2019-12-27,2021-11-03,677,0,181,No,Known,,,9.8 (V31),CWE-22,2026-07-27,2026-10-05,10,3,1727
CVE-2020-8193,EUVD-2020-29070,2020-07-10,2021-11-03,481,0,181,No,Unknown,,,6.5 (V31),CWE-284,2023-07-25,2026-10-05,1,1,629
CVE-2020-8195,EUVD-2020-29072,2020-07-10,2021-11-03,481,0,181,No,Unknown,,,6.5 (V31),CWE-20,,,,,
CVE-2020-8196,EUVD-2020-29073,2020-07-10,2021-11-03,481,0,181,No,Unknown,,,4.3 (V31),CWE-284,,,,,
CVE-2022-27518,EUVD-2022-32019,2022-12-13,2022-12-13,0,1,21,No,Unknown,,,9.8 (V31),CWE-664,,,,,
CVE-2023-3519,EUVD-2023-44176,2023-07-19,2023-07-19,0,1,21,No,Known,2025-01-23,554,9.8 (V31),CWE-94,2026-08-04,,,,1112
CVE-2023-4966,EUVD-2023-54802,2023-10-10,2023-10-18,8,0,21,No,Known,,,9.4 (V31),CWE-119,2023-10-25,2026-10-05,309,36,7
CVE-2023-6548,EUVD-2023-58778,2024-01-17,2024-01-17,0,1,7,No,Unknown,,,5.5 (V31),CWE-94,,,,,
CVE-2023-6549,EUVD-2023-58779,2024-01-17,2024-01-17,0,1,21,No,Unknown,,,8.2 (V31),CWE-119,,,,,
CVE-2025-6543,EUVD-2025-19085,2025-06-25,2025-06-30,5,0,21,No,Unknown,2025-07-18,18,9.2 (V40),CWE-119,,,,,
CVE-2025-5777,EUVD-2025-18497,2025-06-17,2025-07-10,23,0,1,No,Known,,,9.3 (V40),CWE-125,2025-07-03,2026-10-05,2889,78,-7
CVE-2025-7775,EUVD-2025-25838,2025-08-26,2025-08-26,0,1,2,No,Unknown,,,9.2 (V40),CWE-119,,,,,
CVE-2026-3055,EUVD-2026-14546,2026-03-23,2026-03-30,7,0,3,No,Unknown,,,9.3 (V40),CWE-125,2026-03-31,2026-10-05,5762,34,1
CVE-2026-8452,EUVD-2026-40307,2026-06-30,2026-08-26,57,0,3,No,Unknown,,,8.8 (V40),CWE-119,,,,,
CVE-2026-19490,EUVD-2026-62395,2026-08-19,2026-09-09,21,0,3,Yes,Unknown,,,9.3 (V40),CWE-288,,,,,
CVE-2026-88771,EUVD-2026-87958,2026-09-27,2026-09-27,0,1,3,Yes,Unknown,2026-09-27,0,9.5 (V40),CWE-119,2026-09-29,2026-10-05,606,10,2
CVE-2026-88772,EUVD-2026-87959,2026-09-27,2026-09-27,0,1,3,Yes,Unknown,2026-09-27,0,9.5 (V40),CWE-119,,,,,
CVE-2026-88779,EUVD-2026-92065,2026-10-04,2026-10-04,0,1,3,Yes,Unknown,2026-10-02,-2,8.7 (V40),CWE-119,,,,,
